id,final_confidence_explanation,review_triggers_to_add
72,"The composition is a heavily blurred, abstract swirl of color with no identifiable concrete subject; the exact shape and any symbolic meaning of the dark central form cannot be confidently determined.","[""ambiguous main visual element""]"
115,"While the general subject (a slice of rainbow-layered cake with a candle) is clear, the exact number and color order of the internal layers, and whether the candle is lit or unlit, cannot be confirmed with full confidence.","[""ambiguous main visual element""]"
117,"The photograph is heavily grained and low-contrast, making it difficult to confidently determine the exact number of performers, their instruments, or actions; the small Japanese text at the top is too stylized and low-resolution to transcribe with confidence.","[""bad image quality"", ""cannot read text confidently""]"
133,"While the central figure is clearly a person lying on a textured background, whether the pose depicts floating, drowning, sleeping, or a dream-like state is ambiguous and cannot be resolved from the visual content alone.","[""possible symbolic interpretation""]"
153,"The large 'O' and ornate blackletter 'h' are clear, but the small credit text beneath is too fine and low-contrast to transcribe with full confidence, and it is unclear whether 'O' and 'h' are meant to be read together or as independent decorative glyphs.","[""ambiguous main visual element""]"
156,"The extremely low-light, high-contrast photograph makes it difficult to confidently identify facial features or confirm that all four figures are distinct individuals, and whether the setting is water or a starry void is not fully certain.","[""bad image quality"", ""possible person misidentification""]"
157,"The illustration's heavy halftone/duotone texture obscures fine detail, making it difficult to confidently confirm that the debris inside the dustpan consists solely of broken light bulbs rather than other objects.","[""bad image quality""]"
161,"The image is composed of multiple overlapping, orange-toned forest photographs, making it difficult to confidently distinguish where one layer ends and another begins or to describe the exact composition and depth of the scene.","[""ambiguous main visual element""]"
162,"The stark, minimalist line illustration clearly shows a thumb-like shape, but there is no visible fingerprint ridge texture, so labeling it specifically as a 'thumbprint' rather than a plain outline is uncertain, and the meaning of the two horizontal lines beneath the nail area cannot be confidently determined.","[""ambiguous main visual element"", ""possible symbolic interpretation""]"
165,"The composition is dense and symbolic, combining numerous overlapping figures, patterned borders, piano keys, and repeated tooth and hand motifs whose individual meanings and relationships to one another cannot be confidently interpreted or fully enumerated.","[""possible symbolic interpretation"", ""cultural or historical reference needed""]"
169,"The composition layers a cutout portrait, stone-like objects, and desert/sky photography into a surreal collage; the exact relationships between these disparate elements and what some of the abstractly shaped panels represent cannot be confidently determined.","[""ambiguous main visual element""]"
172,"The high-contrast black-and-white photograph shows a figure standing in a dark corner formed by concrete walls, but the person's pose, identity, and exact facial features are obscured by shadow, making confident description of the subject difficult.","[""possible person misidentification""]"
176,"The illustration depicts a stylized, alien-like doll figure seated at a table with a teacup and an ambiguous organic object on a plate, surrounded by blossoms and a winged creature; the exact nature of the tabletop object and the significance of the surrounding fantastical elements cannot be confidently determined.","[""ambiguous main visual element"", ""possible symbolic interpretation""]"
181,"The artwork is a dense, abstract tangle of colorful swirling lines resembling branches or foliage, with no clear representational subject or focal point that can be confidently described beyond color and general form.","[""unclear visual focus""]"
182,"The heavily blurred and color-blended image shows what appears to be a human figure in water, but the pose, orientation, and specific details of the body cannot be confidently identified due to the abstraction and blending of colors.","[""bad image quality""]"
187,"The naive, folk-art style illustration depicts three winged, cartoonish figures with distorted smiling faces flying over a coastal landscape; the exact nature of each figure (e.g., whether they represent birds, people, or objects like a drum and guitar) is ambiguous and cannot be confidently identified.",[]
196,"While the five silhouetted figures looking skyward are clear, the exact nature of the blue radiating shape above them (e.g., a UFO, explosion, or abstract burst) is ambiguous, and the small handwritten-style text beside it is too fine to transcribe with confidence.","[""cannot read text confidently""]"
198,"The surreal desert-toned collage combines a rock formation, a disembodied hand holding an ambiguous object, a floating paper-like shape with a clock face, and a separate human face lying on the ground; the relationships between these elements and the exact identity of the held object cannot be confidently determined.","[""ambiguous main visual element"", ""complex image with mixed media""]"
200,"The composition combines abstract diagonal stripes and paint splatters with a small, distinctly rendered crow silhouette; while the crow itself is identifiable, its relationship to the surrounding abstract elements and their intended meaning cannot be confidently described.","[""possible symbolic interpretation""]"
209,"The illustration presents a highly stylized, geometric humanoid or creature-like form with an extended tongue and an ambiguous small green object nearby; the exact subject matter, anatomy, and meaning of the depicted form cannot be confidently determined.",[]
211,"The loosely hand-drawn line illustration depicts an animal head with large ears, small horns, and an orange nose, but the specific animal species being represented (e.g., rabbit, deer, or reindeer) cannot be confidently identified from the sketch-like rendering.","[""ambiguous main visual element""]"
223,"The overlapping striped lettering spelling 'EBTG' and 'FUSE' is heavily interwoven, making it difficult to confidently trace and confirm each individual letterform.","[""cannot read text confidently""]"
233,"The cover is a purely geometric pattern of overlapping red circular arcs on a green background with no representational subject, so beyond describing the shapes and colors, no further confident interpretation is possible.",[]
236,"The photograph clearly shows three chairs against a weathered wall, but the exact identity of the rusty metal framework leaning in front of them (e.g., a ladder or scaffolding) is unclear, and the dense bilingual English/Japanese text overlaid on the image is too small to transcribe with full confidence.","[""cannot read text confidently"", ""ambiguous main visual element""]"
241,"The triangular segments contain feather- or wing-like textures, but it is unclear whether the underlying image is an abstract pattern or a fragmented photograph of a real subject broken into geometric tiles.","[""ambiguous main visual element""]"
244,"The painting combines loose, gestural brushstrokes in multiple colors with a stark geometric red diagonal and a solid light blue circle; the specific subjects the brushstrokes may be suggesting (e.g., foliage or figures) cannot be confidently identified.","[""ambiguous main visual element"", ""complex image with mixed media""]"
246,"The nighttime street photograph shows several pedestrians mid-stride crossing an intersection, but low lighting and motion blur make it difficult to confidently count the exact number of people or identify their individual features.","[""bad image quality"", ""possible person misidentification""]"
249,"The scene is rendered in a dense, textured pointillist or embroidery-like style that obscures fine detail, making it difficult to confidently distinguish the boundaries of the boat shape from the surrounding abstract patterned background.","[""ambiguous main visual element"", ""complex image with mixed media""]"
253,"The image shows a folded, origami-like white paper form against a white background, rendered almost entirely in tone-on-tone shading; the precise three-dimensional structure and number of facets cannot be confidently determined due to the minimal color contrast.","[""ambiguous main visual element""]"
255,"The image is a heavily abstract blend of cloud-like color gradients overlaid with a vertical pixelation or glitch texture, with no identifiable concrete subject beyond color and atmospheric form.","[""highly abstract artwork"", ""bad image quality""]"
256,"The collage layers dozens of small overlapping photographs of different people, making it impossible to confidently count or individually identify each person depicted.","[""possible person misidentification""]"
258,"The person's elaborate hairstyle incorporates structural, sculptural elements that are difficult to confidently distinguish as hair versus a headpiece or accessory, and the fine texture of the metallic dress cannot be fully resolved.",[]
266,"The heavily color-toned photograph shows a pile of intertwined, stone-textured human figures, but the exact number of individuals and how their limbs connect to one another cannot be confidently distinguished.","[""possible person misidentification""]"
267,"The collage layers numerous overlapping photographs of hands reaching toward various food items, making it difficult to confidently count the hands or identify every individual food item depicted.","[""complex image with mixed media"", ""ambiguous main visual element""]"
268,"The group of hooded, robed figures is rendered with obscured faces in low light, making it difficult to confidently determine their number, identity, or individual poses within the ornate archway scene.","[""possible person misidentification"", ""bad image quality""]"
270,"The stylized desert landscape features three rock formations, one resembling a horse's head, alongside psychedelic circular shapes in the sky; whether these circles represent celestial bodies or purely decorative elements cannot be confidently determined.","[""possible symbolic interpretation""]"
281,"The composition is dominated by abstract, layered brushstrokes in vibrant colors, with what appears to be a stone figure or sculpture visible through a gap; the identity and full form of this partially obscured figure cannot be confidently described.","[""ambiguous main visual element""]"
283,"The title text is arranged in a circular, partially mirrored or rotated pattern around the central striped disc, making it difficult to confidently read the words in a single pass, and the grainy static-like background obscures fine detail.","[""cannot read text confidently"", ""bad image quality""]"
286,"The rows of tree trunks glow with an ambiguous golden light source, and it is unclear whether the reddish-brown strip beneath them represents ground, water reflection, or an abstract color field.","[""ambiguous main visual element""]"
289,"The painting depicts a dark, horse- or donkey-like creature alongside a partially visible companion figure and a large tambourine held by a human hand; the exact species and relationship of the creatures to the hand cannot be confidently determined.","[""ambiguous main visual element""]"
293,"The weathered stone relief carving clearly shows a seated figure reading a book, but erosion and surface wear make it difficult to confidently confirm finer details such as the figure's exact age, expression, or clothing.","[""bad image quality""]"
296,The background pattern combines swirling teal tones with a sharp black diagonal geometric shape whose form and meaning cannot be confidently interpreted beyond its silhouette.,"[""ambiguous main visual element""]"
298,"The heavily blue-duotone halftone print shows a sculpted, gargoyle-like face with an open mouth, but the coarse print texture obscures whether the subject is a stone statue, a mask, or another material.","[""bad image quality""]"
301,"The composition shows four colored paths leading to matching pyramid shapes and one black path to a black pyramid, along with a cluster of circles and a solid dot; the intended meaning or narrative relationship between these elements cannot be confidently determined.","[""possible symbolic interpretation""]"
303,"The dark textured mass at the top of the image resembles a dense cluster of birds, feathers, or foliage, but its exact composition cannot be confidently identified, and a pale hand-like or branch-like form extends from within it.","[""highly abstract artwork""]"
304,"The grainy, low-contrast concert photograph makes it difficult to confidently identify the performer's specific actions or facial expression, and the background graffiti and equipment are too indistinct to describe in detail.","[""bad image quality""]"
309,"The vintage photograph shows a man in mid-athletic motion with his arm raised, but no throwing implement (e.g., discus or javelin) is clearly visible in his hand, making the exact action being performed uncertain.","[""ambiguous main visual element""]"
313,"The nighttime photograph is dominated by three glowing spherical lights, but the surrounding dark courtyard, structures, and equipment are too dim and low-contrast to confidently identify in detail.","[""bad image quality""]"
321,"The dense collage combines numerous overlapping photographs of people, animals, objects, and a rainbow arch with a central clock; the sheer number of overlapping elements makes it difficult to confidently identify or count every individual figure and object.","[""complex image with mixed media"", ""ambiguous main visual element""]"
323,"The image applies a heavy motion-blur or echo effect that duplicates and overlaps the figure and guitar multiple times, making it difficult to confidently discern the person's exact pose, features, or the guitar's precise position.","[""bad image quality""]"
327,"The illustration is densely packed with small figures, a maze-like colorful landscape, and a central black void, along with dense vertical text along the left edge that is too small to transcribe with confidence; the meaning of the black oval and its relationship to the surrounding scene cannot be confidently determined.","[""cannot read text confidently"", ""possible symbolic interpretation"", ""complex image with mixed media""]"
337,"The person's face is fully concealed by an ornate horned mask, making their identity and expression impossible to confidently determine, and the crowd of onlookers in the background is too distant and blurred to describe individually.","[""possible person misidentification"", ""bad image quality""]"
343,"The line-drawn portrait's face and neck are overlaid with blocky, glitch-like digital distortion, obscuring the figure's actual facial features and expression.","[""bad image quality""]"
345,"The painting is composed of densely packed, swirling abstract shapes in many colors with no discernible representational subject beyond the interlocking forms themselves.","[""unclear visual focus""]"
348,"The extreme close-up shows a reflective, textured surface with scattered glossy circular spots, but whether the subject is water droplets, moss, foliage, or another material cannot be confidently determined.","[""highly abstract artwork""]"
357,"The two figures are illustrated with flat, minimally detailed white faces, making it difficult to confidently determine their individual expressions, gender presentation, or specific identifying features beyond hair and clothing color.","[""possible person misidentification""]"
365,"The linework forming a possible female silhouette is interwoven with colorful abstract organic shapes, making it difficult to confidently separate the figure's outline from the surrounding decorative forms.",[]
368,"The winged figure's form is dissolving into scattered feathers and pixelated fragments, making it difficult to confidently determine the figure's exact pose, species (human or bird-like), or completeness.","[""ambiguous main visual element""]"
369,"The pale angular form resembling a boat or rock formation sits on a rough reddish surface that could represent water, sand, or an abstract ground plane; its exact material and the nature of the surrounding terrain cannot be confidently determined.",[]
376,"The sketch-like ink drawing consists of loosely connected swirling lines and small colored marks with no clear representational subject, so only the general gestural forms and colors can be confidently described.","[""unclear visual focus""]"
379,"The grid contains sixteen minimalist line-drawn human figures, each in a distinct pose; the specific action or context of each individual figure (e.g., what they are doing or holding) cannot be confidently determined from the sparse linework.","[""ambiguous main visual element""]"
382,"The image shows a luminous blue wave-like or mountain-like form rendered against solid black, resembling either a digital waveform, terrain, or abstract sculpture; its exact source or subject cannot be confidently identified.","[""ambiguous main visual element""]"
395,"The ornate red blackletter text overlays the person's face and hair, obscuring parts of their features and making it difficult to confidently separate the text from the portrait beneath it.","[""cannot read text confidently""]"
428,"The theater is almost entirely dark and low-contrast, making it difficult to confidently identify the seated person's features or the small illustration displayed on the screen.",[]
442,"The crossed blade shapes behind the text are rendered in a flat gray tone that blends with the black background, making it difficult to confidently identify them as swords versus another crossed object.",[]
464,"The painting's flat geometric planes suggest an architectural interior, but the elongated pale yellow object resting on the ground plane cannot be confidently identified as any specific real-world object.",[]
465,"The high-contrast silhouette-style illustration clearly shows a person playing an electric guitar, but the flat color rendering removes any facial or textural detail, making finer identification (e.g., exact guitar model or expression) impossible to confirm confidently.","[""ambiguous main visual element""]"
484,"The collage combines a photograph of a guitarist with painted flowers, mountains, and a stylized moon; the pattern visible on the moon's surface and its symbolic significance cannot be confidently determined.","[""complex image with mixed media"", ""possible symbolic interpretation""]"
487,The pastel-colored flowing lines overlaid on the vintage map are difficult to confidently distinguish as a specific river system versus a purely decorative abstract pattern.,[]
488,"The radiant central form is surrounded by flying bees and streaks of light against a hazy beige base; whether the bright central shape represents a sun, a hive, or an abstract burst of light cannot be confidently determined.","[""ambiguous main visual element"", ""possible symbolic interpretation""]"
492,"The forest photograph is dimly lit and shadowed, making it difficult to confidently identify the small object partially visible in the bottom-left corner or the woman's precise facial expression.","[""bad image quality""]"
497,"The handwritten cursive signature is stylized and looped, making it difficult to confidently transcribe with full certainty beyond a general reading.",[]
501,"The falling snow partially obscures the scene, and the small poster attached to the lamppost in the background is too distant and low-resolution to confidently read or describe.","[""bad image quality"", ""cannot read text confidently""]"
518,"The heavy dark drapery and shadow obscure the reclining figure almost entirely, making it impossible to confidently determine their pose, clothing, or whether they are conscious or asleep.","[""sensitive or indecent content""]"
528,"While the woman's pose and hat are visible, the precise material and structure of the feathery trim decoration on the hat cannot be confidently identified from the image.","[""ambiguous main visual element""]"
534,"The two seated figures by the log are rendered in a small, sketchy style with minimal detail, making it difficult to confidently describe their appearance, clothing, or activity.",[]
536,"The photographic portrait is heavily overlaid with a dense floral mosaic pattern and color filtering, obscuring fine facial detail and making it difficult to confidently describe the woman's expression or exact clothing.","[""bad image quality""]"
539,"The heavily textured, weathered surface contains a dark organic shape resembling a wilted flower or plant, but water damage and scratches across the image make it difficult to confidently confirm the shape's exact identity.","[""bad image quality"", ""ambiguous main visual element""]"
541,"The painting crowds numerous distorted, dreamlike figures with animal and human traits into a dense composition, making it difficult to confidently count or individually identify each creature.","[""highly abstract artwork""]"
544,"Dense swirling lines and paint splatters overlay what may be underlying photographic or illustrated objects, but these underlying forms cannot be confidently identified beneath the abstract linework.","[""ambiguous main visual element""]"
548,"The symmetrical illustration combines an hourglass, disembodied hands holding a skull and a butterfly, and clouds; the overall symbolic narrative connecting these elements cannot be confidently interpreted.","[""possible symbolic interpretation""]"
556,"The illustrated stage setup includes several instruments and amplifiers, but overlapping outlines make it difficult to confidently count the exact number of guitars and confirm each instrument type.",[]
557,"The illustration is densely packed with dozens of small figures, trees, and shapes rendered in fine monochrome linework, making it impossible to confidently identify or enumerate each individual element.","[""complex image with mixed media"", ""ambiguous main visual element""]"
562,"The large brushstroke text partially overlaps a faint city skyline silhouette in the background, making it difficult to confidently identify specific buildings or landmarks depicted.","[""ambiguous main visual element""]"
567,"A small silhouetted figure stands at the center of an intricate maze pattern; the figure's pose, clothing, and identity cannot be confidently determined due to its small scale and flat rendering.","[""ambiguous main visual element"", ""possible person misidentification""]"
568,"While the icicle-like or mineral formations are visually striking, it is unclear from the close-up framing whether they are ice, stalactites, wax, or another translucent material.",[]
569,"While the sky and clouds are clear, it is uncertain whether the bright central light source depicts the sun or the moon, and the dark foliage in the foreground is too underexposed to identify the specific plant species.","[""ambiguous main visual element"", ""bad image quality""]"
570,"The performers are rendered in heavy motion blur and double-exposure, making it impossible to confidently count the number of musicians or identify their individual actions, and the small text in the white box is too fine to transcribe with confidence.","[""bad image quality"", ""cannot read text confidently""]"
578,"The illustration's various figures and objects are rendered in a loose, minimal outline style, making it difficult to confidently identify the small yellow object or the exact actions of the people depicted near the car.","[""ambiguous main visual element""]"
581,"The figure's silhouette and elaborate horned skull mask are clear in outline, but the specific animal species the skull belongs to and the material of the mask cannot be confidently identified against the bright, backlit sunset sky.","[""bad image quality""]"
588,"The sparse scribbled line clusters have no representational form, so beyond describing their color, density, and general arrangement, no further confident interpretation of subject matter is possible.",[]
590,"The gray modernist building's precise architectural details are partially obscured by the dense green foliage in the foreground, and the pink-toned plant texture in the background cannot be confidently identified as a specific species.",[]
591,"The small photographic figures surrounding the central image are heavily halftoned and low-resolution, making it difficult to confidently identify their clothing, actions, or whether they represent religious or ritual figures.","[""bad image quality"", ""possible person misidentification""]"
592,"The photograph shows five people in an ornate interior-style room staged outdoors on grass, but the dim lighting and reflective surfaces make it difficult to confidently identify each person's specific pose, expression, or the exact objects on the surrounding tables.","[""bad image quality"", ""possible person misidentification""]"
594,"The image is fragmented into a grid of small black-and-white squares, each containing a disconnected piece of a larger photograph; the fragments cannot be confidently reassembled into a single identifiable subject.","[""ambiguous main visual element"", ""complex image with mixed media""]"
598,"The title text is arranged in a circular ring with the bottom half rotated upside-down relative to the top, making it necessary to read it in two separate mirrored passes rather than confidently as a single line.",[]
600,"The composition's interwoven organic textures resemble natural materials such as bark, fabric, or foliage, but the exact material and any underlying representational subject cannot be confidently identified.","[""complex image with mixed media""]"
610,"The torn photographic fragments depict several human eyes at different scales and angles, but it cannot be confidently determined whether they belong to the same person or multiple different individuals.","[""possible person misidentification"", ""ambiguous main visual element""]"
615,"The glowing wireframe figure combines humanoid and deer-like features (including antlers), but whether it represents a person, an animal, or a hybrid mythological being cannot be confidently determined.","[""possible symbolic interpretation""]"
619,"The ornate calligraphic title and the smaller decorative text beneath it are rendered in a dense, flourish-heavy script that is difficult to confidently transcribe in full.","[""cannot read text confidently"", ""ambiguous main visual element""]"
623,"The five glassware items are arranged with overlapping reflections and shadows in a duotone color treatment, making it difficult to confidently distinguish the exact shape and type of each individual glass.","[""bad image quality""]"
627,"The composition combines a phoenix-like bird, radiating golden rays, and an eye-within-a-triangle symbol; the specific mythological or symbolic tradition these elements reference cannot be confidently identified.","[""possible symbolic interpretation"", ""cultural or historical reference needed""]"
630,"The four band members are clearly visible, but the distant cityscape skyline is too hazy to confidently identify specific buildings or landmarks.","[""bad image quality""]"
640,"Two faces are tightly overlapped and cropped so closely that only partial features (noses, mouths, an eye) are visible, making it impossible to confidently determine each person's full expression or identity.","[""possible person misidentification""]"
641,"The dense retro-futuristic collage combines numerous unrelated technological and scientific imagery; the specific narrative or thematic connection between the computer scene, the space shuttle, and the meditating figure cannot be confidently determined.","[""possible symbolic interpretation""]"
645,"The illustration depicts a partially nude, gas-masked figure breastfeeding a skeletal infant, with human skulls positioned at the sides; the surreal and unsettling nature of this imagery requires careful human review rather than automated description.","[""possible symbolic interpretation""]"
647,"The colorful geometric shapes combine to suggest either a vase, a mask, or a face-like form with foliage, but which interpretation is correct cannot be confidently determined.","[""possible symbolic interpretation""]"
649,"The misty, low-light conditions make it difficult to confidently identify the distant figure's specific pose, clothing, or facial features on the basketball court.","[""bad image quality"", ""possible person misidentification""]"
655,"The hand-shaped silhouette is filled with numerous small overlapping figures and patterns resembling people, birds, and abstract lines, none of which can be confidently identified individually given their small scale and dense overlap.",[]
656,"The golden beam connecting the winged figure to the face within the cliff face could represent light, energy, or a substance being transferred; its exact nature and symbolic meaning cannot be confidently determined.","[""possible symbolic interpretation""]"
658,"The reflections within the bubble's curved surface are distorted and fragmented, making it difficult to confidently determine the exact scene or number of windows being reflected.","[""bad image quality""]"
659,"The magnifying glass held by the figure doubles as the letter 'O' in the title text, and it is unclear whether additional small details are visible through the lens beyond the ladybug, given the low image resolution in that area.",[]
662,"The two intertwined creature designs resemble stylized dragons, but their exact species, whether the interaction depicted is aggressive or playful, and anatomical details cannot be confidently determined from the flat illustration style.","[""ambiguous main visual element""]"
665,"The tree's leaves are drawn as individual stylized eyes, and the small text encircling the square frame is handwritten and cursive, making it difficult to confidently transcribe in full.","[""cannot read text confidently"", ""possible symbolic interpretation""]"
666,"The Arabic text at the bottom is rendered in a glowing, stylized script that is difficult to confidently transcribe, and the dense scattering of roses makes it hard to confidently count the individual flowers.","[""cannot read text confidently""]"
667,"The figures are reduced to small, distant silhouettes against the pale sky and sand, making it impossible to confidently determine their individual features, clothing, or exact number beyond two people and a dog.","[""possible person misidentification""]"
668,"The two profile figures are rendered in flat, high-contrast color blocks with minimal facial detail, making it difficult to confidently determine their individual expressions or specific features beyond outline and color.","[""ambiguous main visual element"", ""possible person misidentification""]"
672,"The hooded figure leans over a lower shape with jagged, tooth-like protrusions whose exact identity (e.g., a mouth, a cave, or an abstract form) cannot be confidently determined.","[""ambiguous main visual element""]"
679,"The circular design combines fine dot-work and linework in a mandala-like pattern with no representational subject, so only its general shape, symmetry, and color can be confidently described.","[""possible symbolic interpretation""]"
683,"The large floral shapes are patterned with fine zebra-like striping, but whether they depict a specific flower species or a purely decorative abstract motif cannot be confidently determined.","[""ambiguous main visual element""]"
686,"The heavily layered and torn posters obscure most individual text fragments and images beneath newer layers, making it impossible to confidently identify any single poster's original content.",[]
688,The map-like drawing contains scattered handwritten text fragments throughout the composition that are too small and stylized to confidently transcribe.,"[""cannot read text confidently""]"
691,"The collage layers dozens of small, overlapping photographs of people performing, making it impossible to confidently count or individually identify each person depicted.","[""possible person misidentification""]"
695,"The dark angular shapes overlaid across the lower portion of the image could represent architectural silhouettes, roadway markings, or an abstract graphic overlay; their exact nature cannot be confidently determined.",[]
697,"The headless classical statue is topped with coral-like branches in place of its head, and the three surrounding fragments show abstract textured surfaces whose exact material or origin cannot be confidently identified.","[""ambiguous main visual element"", ""complex image with mixed media""]"
703,"While the central Polaroid photo of the man is clear, the small clustered paperclips and stacked papers surrounding it are too indistinct to confidently identify their exact content or purpose.","[""ambiguous main visual element""]"
708,"The composition consists purely of abstract geometric shapes and flowing lines with no representational subject, so beyond describing the shapes and vivid color palette, no further confident interpretation is possible.",[]
710,"The collage overlays two large stylized eye graphics onto cutout photographs of two people, making it difficult to confidently determine the relationship between the eyes and the human figures or whether the eyes belong to either person.","[""ambiguous main visual element"", ""possible person misidentification""]"
711,"The tall pink draped figure's face and form are fully concealed by fabric, making it impossible to confidently determine whether it depicts a person, a statue, or another entity.","[""possible person misidentification"", ""ambiguous main visual element""]"
712,"The smoky, low-contrast lighting obscures fine detail on the woman's tattoo-like clothing and the object she is holding, though it appears to resemble a handgun, which may warrant additional human review.","[""sensitive or indecent content""]"
715,The dense green scribbled strokes contain small embedded red text fragments scattered throughout that are too overlapped and stylized to confidently transcribe.,"[""cannot read text confidently""]"
