id,release_id,discogs_id,musicbrainz_id,created_at
1,001175a4-9378-4036-8a4c-adbb7ff440d4,,,2026-06-30 22:44:51.375
2,0098c9fe-0723-4ca2-920d-41b4fb770583,25287427,de27bb77-fec8-4acb-a1cd-bca1dfe914d8,2026-07-01 02:36:54.499
3,00beaba7-086d-471a-b829-326e3c536916,22462744,3cfd7be0-07c1-4dbb-90c4-cbd3cd4a8b29,2026-07-01 06:03:20.375
4,00d753c5-1108-4b67-b4b1-e0f1ebc749f9,24864662,e15171b1-4968-4dbe-98bd-6c9402f7461b,2026-07-01 02:54:56.789
5,01f94419-2fc1-4d77-b9ba-e4cd4f6c6d59,20311552,b30b56e6-0671-475c-9892-a9b1440f566c,2026-07-01 08:52:15.312
6,0204a518-a45f-4958-b57f-93deef1a87cb,27627726,bbab0e0c-df3c-4591-8183-ec3c8e0e5a82,2026-06-30 23:15:20.351
7,02f13f57-bd68-4c4d-b2d9-8a5457437165,35819275,,2026-06-30 16:32:37.989
8,038f27c2-62bb-4788-a4a2-76051aa68243,35278444,d114555a-416c-467c-9a36-8d54bf198968,2026-06-30 15:11:20.373
9,03e19c1f-d2a3-4d31-bb1e-e5427de8a11e,22550318,8bc54ea5-842f-4baa-a77d-34b064e9b2c9,2026-07-01 04:40:19.141
10,04b1ad03-017b-4b2d-a741-f9b19bde934f,28509994,9be1fb69-2095-4109-affe-31ba392ebb0b,2026-06-30 21:57:26.133
11,04b64dd8-43e4-4a16-bb46-94c41f981558,30690001,dc58cd3b-9917-4674-b48d-69ff360bda32,2026-06-30 20:43:53.925
12,0507d9c7-cb00-49c4-8166-9ec58d8894b9,28195030,30a09729-cb2b-4f03-8c3b-89bf73c09daf,2026-06-30 22:08:07.42
13,0521a430-f744-4d5f-80ee-611a6e59e304,34107052,,2026-07-01 01:01:02.73
14,05b81a25-1a55-4949-b21c-1d657892caf6,26800472,c6065f45-a7c6-45b2-b10b-d31367d7d8c2,2026-07-01 00:10:25.895
15,0703ae04-4006-46b0-84c5-b9bfed6372cc,,f49b804f-1e01-47a1-8545-d955599c76a3,2026-07-01 00:45:20.966
16,07247e9f-638b-425a-9694-ec89de65b431,,b8ca3794-69c1-4288-bc2e-f8ce73d8adce,2026-07-01 06:58:40.32
17,073d10cc-caf8-4425-98fd-af60fc2f4a99,23603669,d1be50ab-4e48-4703-8445-3d3d9b2baf41,2026-07-01 05:25:04.554
18,07c36e4b-1866-401c-b74f-dd0d6ce0c9f5,,,2026-06-30 19:30:08.565
19,087520b1-6de5-43ef-86b0-9cbcdd2991e5,22230814,6c4d59ff-c8fb-4502-8fff-dae650af507a,2026-07-01 06:15:26.111
20,08da0f65-23c2-4d88-a805-73cc249ed0a2,22752083,2d6249fe-ef56-49b7-bcb2-e116032e3c7b,2026-07-01 07:26:28.364
21,08fee064-26f6-43d5-b9c0-48685fb9d5f1,,,2026-06-30 15:00:15.379
22,0961847b-da3a-4dec-8fd6-c13fbd998e53,,,2026-07-01 04:32:58.114
23,09d7a770-45d2-4b7a-9dbe-504238086e47,26983229,460be4b3-5347-45f5-8783-b158d354d97a,2026-07-01 00:02:55.73
24,09e9d86b-f6d5-495c-89db-628dff3f1f40,27805347,1cf33aa2-83d0-4bb9-88da-be896f60b735,2026-06-30 23:27:38.083
25,0b0d2166-8d8a-4397-9897-997774973574,21630892,9ecbd5d4-6a97-4a35-843d-9f2b95940e3a,2026-07-01 06:00:37.096
26,0d457652-98e9-4233-b33f-44cfa4874ee3,27262308,eae1832e-5ce1-4438-b020-ea351c4e48ff,2026-07-01 01:05:26.545
27,0d6895e3-7b65-4a57-a5c8-cd6cf0dc5c44,30286562,6d38dc94-5729-42ec-b754-bef6fd95d594,2026-06-30 20:10:43.808
28,0db97956-db01-4473-bf3d-67d409a150c4,27764157,1b478b33-5b7b-4a57-b3b3-eaa34b93c199,2026-06-30 23:08:25.293
29,0e57c005-c65c-45ed-bf32-883466287d76,24896363,caba25d7-7d89-4029-915f-f7d572d684f5,2026-07-01 03:11:58.576
30,1021e6fb-71e8-49e0-b046-498bd2162d37,27344025,1d8f4825-130a-4354-ac69-e4f497ced593,2026-07-01 00:31:00.34
31,102c50af-7432-45e9-a0f0-2ac74041483e,33857784,d49fd5c5-2c8b-410e-9e4b-dc8690bf1df2,2026-06-30 18:35:28.93
32,10906b01-03c1-464f-8746-d4ebceacb018,33115362,5c87c4e9-db09-44e6-a606-adff6f259410,2026-06-30 20:36:47.052
33,110786f9-1822-4fa1-945e-9021fb2cea29,,,2026-07-01 06:27:45.728
34,1177f9f8-6ede-4f4e-8554-cf42a09e67f1,28551385,6a7457fe-4913-4b8a-b4a5-3e87d136fe85,2026-06-30 21:53:36.522
35,11b39f9f-aa61-4e63-a6f2-916097fec997,36004207,,2026-06-30 14:50:53.415
36,11d90f3b-d4f4-4027-89b5-e6e5a01dc6b0,31686473,1b827ca5-4d7f-4bf4-9aa9-bcb3f369289d,2026-06-30 18:24:42.254
37,12616d72-a971-40f6-adba-8f5e891ca304,22807328,f6fb753a-6efd-4be3-b80b-398615310d2b,2026-07-01 03:58:44.704
38,12e8d04f-fd95-45bf-ae15-3f7900a06fe4,22617944,01348579-296b-4801-a022-28608f8eece0,2026-07-01 06:07:20.057
39,12f0aeab-7fd9-45b2-b051-d9a8d3d2c972,37372443,a8b5a617-54a3-48bf-9dae-96c99d0987c6,2026-06-30 14:29:33.105
40,135f02c3-cfce-4157-8c1b-a35db00677b6,2947885,696b6ec0-f8a6-402c-a6af-c25f65dcdef8,2026-07-01 01:55:41.738
41,145639eb-3ba8-43ee-b5a9-4078cd71fa74,33760146,23464ad1-c8b1-410f-9f44-72a9cf12e732,2026-06-30 15:46:49.397
42,14693352-4fa6-476f-9d68-9da91c6867e4,,0572b53c-5e31-421e-ade8-4b3d5ab0b968,2026-07-01 05:50:22.192
43,14855431-44bf-4fbe-818b-2671ebac1092,21124135,e8b734a6-e7a0-4907-8878-a7af5505aeb0,2026-07-01 04:31:05.823
44,1578052c-56c1-4da6-8ad1-3034ffff17e3,28690933,26f37553-0efa-42f1-9b81-6385b47d3161,2026-06-30 21:41:19.124
45,158be9c3-81ae-46ee-b1bb-0391a23e5756,33577479,e615c3cb-0fd8-43a3-a8b6-d3870d2330c2,2026-06-30 17:24:35.581
46,169979cf-d013-4b71-a126-79c273517b24,26873909,7086d5a0-40c5-40d4-b17a-2acf37607508,2026-07-01 00:12:50.515
47,16a57e15-9ba2-4c98-ba6d-d6645c708c3e,28185175,e8faa8d6-5d41-4faa-a4a1-87a66fb55088,2026-06-30 21:44:31.115
48,171a43fc-4320-4b73-a5aa-48b3259a957b,17151943,3391d805-a842-419a-9012-24f11d1d59dd,2026-07-01 07:58:03.428
49,178fb16d-343d-4822-b901-befdcf5a57ba,32922861,203990ed-1966-476b-ae60-b8e7ff2d8ca7,2026-06-30 16:25:37.295
50,18266e27-a61d-4157-92fb-4a09f0d6337e,28274050,11baee31-2455-422b-832b-0f168478526b,2026-06-30 22:17:38.164
51,192846d3-f598-4eba-af3c-671696b77bec,,,2026-06-30 16:30:34.958
52,19e11da9-1c65-4f4b-8934-21db12df43a3,28653319,1b8b0a1f-e2db-468b-befe-298ebe22624f,2026-06-30 21:44:01.208
53,1a66ac13-3d88-49ee-a9b3-ee0ebe12a807,23060090,49a57691-5c5f-412d-b8bc-8cb0dee59593,2026-07-01 06:17:13.888
54,1b0948b7-aa90-4dd7-a2b5-9c4810318d48,,,2026-06-30 21:27:54.377
55,1b392d89-be3a-4fc2-8299-bfbed1e4bceb,27107886,6baad0fe-30a6-4b31-a885-fee18dd05eb3,2026-06-30 23:48:20.043
56,1b94ca33-0c15-4963-a1b2-36314d9c2373,36399874,99fe9f38-cade-4d66-9760-4e72f3e04070,2026-07-01 05:02:34.215
57,1be239b9-99fd-471e-a196-75f998b25311,28736071,eb0601ba-4841-4dca-826d-db71f3195061,2026-06-30 20:38:16.167
58,1bea0b02-9f3a-4394-8e17-55c155e7da61,36281866,,2026-07-01 03:08:10.647
59,1d66be56-cac5-46fc-a799-f69fc1ab9543,23926529,d1ccb481-2550-46e4-9496-9b4458fe2c24,2026-07-01 05:16:04.713
60,1deba5b5-eab6-4430-8998-a631b08c309e,26221895,0d740669-74c0-44a6-9114-160c24bc6ccf,2026-07-01 01:30:00.776
61,1e0278e4-5ee1-4ff8-9cf2-a89c7d242cc2,35739721,5ea7c17c-f108-45a6-bcde-14053d2c568d,2026-06-30 15:09:57.149
62,1e95be77-a74c-4263-ab6c-b9a35d874eb3,31302633,1561173b-df25-48c2-bb16-3d1eac700fc5,2026-06-30 18:51:29.822
63,1ee2a6bd-ced4-4a93-98d9-a169e59c00bd,25323739,,2026-07-01 02:43:10.563
64,1f18e47d-fc69-4cbc-9260-2197b206feae,29647672,,2026-07-01 03:48:21.804
65,1f222a93-3c49-45d4-b077-b1e502a41db7,20925802,b8f5d48f-75c4-4a7e-9867-4516d8acea78,2026-07-01 07:40:14.352
66,1fb121b5-69d9-4668-a46f-8a547bffe8c9,26909414,29bbe30c-647e-4741-8e86-9d46a3561456,2026-07-01 00:26:17.252
67,202dc96b-3faf-420d-a6a5-66405e55a950,24007823,276f16f4-cd74-47d4-bee6-e19464fdaf03,2026-07-01 06:30:32.047
68,20e0e823-a8ab-46a2-a281-dd0a419cebd4,20028568,7ed8cd69-c9c1-4d27-875e-bc1bf361c847,2026-07-01 08:17:53.975
69,2102f07b-d898-453b-8e7c-b626d20fbe3c,25610596,ae6422cf-4acc-465f-855c-71bd8a7a096d,2026-07-01 04:09:57.236
70,2116aff0-325a-4c98-b060-50681c1391dd,24465497,479fec2f-028b-4c77-b5f8-10e925f22066,2026-07-01 04:08:48.449
71,213dd5df-c74a-4d36-97ea-c4b63fbd2f58,27932571,faeedb08-7903-4243-891c-152808b12d13,2026-07-01 07:54:12.514
72,2178cf66-63a3-4ff4-a00d-7494696304ab,29884417,99777dd7-1828-4025-835e-9c2dcd83f87a,2026-06-30 19:58:49.86
73,2291d6a1-02f7-4787-b5e5-848c8364a606,19483093,e7673c18-c4e1-4e23-92f1-7150a3bc7575,2026-07-01 07:20:59.981
74,22fcc7c1-c34e-41d7-9b7f-0c47b8e0eeec,,,2026-07-01 00:22:09.584
75,231b6ccd-26be-4714-b05f-c6c1cec6d854,27311898,b6d8ea7f-3783-4f8d-8ca7-e4836f5c6bdb,2026-06-30 20:26:29.626
76,2461c5f7-6a20-4a56-9a50-dbd2406dfd56,29560066,d636cbaa-9372-4558-8cbc-74b7da0c8287,2026-06-30 20:34:59.475
77,267babc2-6249-40cc-87c8-1a9e711c9dde,25282948,74c4610e-74e3-4db5-a2b7-bf8da0a9d4fb,2026-07-01 03:59:02.212
78,26aec06f-0565-4441-92ef-f7fa00b19fed,29915227,ec852850-246b-4db1-a32d-e1779574072a,2026-06-30 21:54:41.43
79,2702d5a8-dbba-49ce-8751-47a14b0c1ec0,21495,8bb51ad4-7756-4be4-9fe5-1f2c0a6183dc,2026-06-30 18:41:39.125
80,27c2daf4-cf2e-43e9-aea5-4d370c12fe0b,20519200,2e18b148-4c33-4531-bc7a-d95cb589b67b,2026-07-01 08:48:48.376
81,27c75d78-8e8d-4b88-abd8-7eef898bb883,24712448,1e1c0d77-00bb-4333-9561-96a4e35bf72b,2026-07-01 03:35:18.543
82,27e4793e-4199-4dc2-8419-3e56ada08bba,,,2026-06-30 18:10:41.318
83,27edc832-32eb-40ab-97d7-73684f19c96d,28358656,f983eb12-218e-484c-a7ae-54de917ed735,2026-06-30 21:57:42.664
84,27f8dd61-9fea-4702-b29f-c72128ec0c89,25094020,,2026-07-01 02:38:20.947
85,2801aa48-89be-45fb-9892-6cc87c58ae68,25726021,,2026-07-01 01:41:09.943
86,28469b1f-e835-429c-b334-061aa708db95,30229970,4aa03397-3146-4a83-8c37-6254c56ccc65,2026-06-30 19:52:09.596
87,2876b6e6-96de-434a-a498-d015806bd2a4,30971581,,2026-06-30 18:46:17.419
88,28b699e0-9159-40d1-915a-45592ee19058,33945993,,2026-06-30 16:13:36.979
89,2938d73a-55ca-4b6b-87c1-21f77b5d8a29,,,2026-06-30 23:02:05.162
90,29695e82-86e4-4520-a9ff-06d9073c526d,28274479,,2026-06-30 21:33:10.761
91,2a440d8b-d15c-41a0-89c9-a3b0849b18cb,25437379,ff1cddc1-4487-4779-90aa-7e4563ed0992,2026-07-01 05:57:42.483
92,2abaa368-ccf2-401b-9f96-4e7e00450d35,21096349,,2026-07-01 04:26:22.467
93,2af12c67-c043-4872-b3fc-fce4d1c1fc47,33324111,aaf37470-2cfe-479b-a56c-73e568e44a98,2026-06-30 17:40:50.856
94,2b17a8b3-a21e-4b6c-8682-7329626f4ebf,28255918,83d7dc84-034c-4921-b8e3-57e53706a3eb,2026-06-30 21:28:53.642
95,2b5dd77c-08c2-48eb-b0cc-f489e966d5e6,29830984,ce700071-d4eb-4d6e-83ca-a4ecef992dab,2026-06-30 18:38:56.989
96,2c3c7ef4-6702-4ce8-8578-cd475466af6e,24178118,e408fbf1-e013-4b93-b41d-c59a9bee572b,2026-07-01 04:00:25.478
97,2c6c8888-20ff-4d5b-8c3a-7b149717da3d,,5335b240-f76e-49a0-9a9e-2f3c9a061356,2026-07-01 06:46:06.23
98,2c761dee-6595-4b8c-acee-99cc0b50f3ec,27639054,40f24a36-97f9-403a-8c7b-7abb731da3df,2026-06-30 23:14:30.901
99,2c9bd9a3-913a-41f9-84e1-a452a7f76c42,24412721,3709abd0-91d4-425e-8b1e-3460bb9e9141,2026-07-01 03:47:19.621
100,2cb4e986-35d5-4c37-9332-99a585c4d413,20356489,30be7f41-2dab-4604-8d05-5b0784a0622f,2026-07-01 07:35:04.021
101,2ced64da-9cc2-4c2d-b86d-d8768dc103a3,28671673,c32daa27-d11a-4c1b-82a6-ba7c42476ab3,2026-06-30 21:40:17.691
102,2cff666e-0abe-4ea8-8ac3-140fa8bafdac,22977773,dc4eb866-9bff-4ccf-95ed-22dba88ccfa3,2026-07-01 03:34:02.397
103,2d710380-5a9f-435b-b54b-aeb3bad19a40,,c902afac-f71c-43c1-ac08-95d190d8d834,2026-07-01 00:57:46.538
104,2dda6600-5b26-4c43-9ed0-8978f1fd1b0f,22307452,75a28e50-ac75-4c55-9b31-0d26da2ab58a,2026-07-01 03:17:28.89
105,2dfa5069-4758-436e-8fb0-3559c1f41795,27572508,49971f60-a6b4-4f60-8ca4-08f09e740044,2026-06-30 23:18:47.941
106,2e1d6cf6-950e-44cb-8197-2aace67f6e81,27455850,f8edfeb1-f85f-405f-96d6-5ed13cd2c23b,2026-06-30 22:59:22.069
107,2f341a32-e336-4271-97d3-376ce3448b04,27019311,,2026-07-01 00:15:43.942
108,2f8c7ddf-f515-4328-b342-b02f21e17ae2,20607472,1cb9f99c-282c-4938-bd20-1f3d145df961,2026-07-01 07:12:27.021
109,2fcd2213-b7ba-4017-9722-052a70ac083d,22615922,,2026-07-01 06:38:51.319
110,2fd1d917-7b5a-49e5-9a37-a2f8a7377590,15622940,616e5cab-6d9b-4c90-b2b1-27be44eb6a48,2026-07-01 05:22:05.694
111,30dfa5c4-0e6b-4d1e-b115-25c3519b43c0,27663318,,2026-07-01 01:43:10.36
112,312c926b-3273-4d31-8bd5-fb1170f15181,25171576,9086079f-6b70-4818-b391-866660db8984,2026-07-01 03:17:55.637
113,315e4ff7-d3ae-4179-807b-fe5b8b6f3fe5,,,2026-06-30 21:17:22.704
114,31730932-d2cf-46be-afb0-dc24ad5b31f1,25431955,43aa22fd-87f2-4a1e-9474-cde7b8c15d0b,2026-07-01 03:14:06.44
115,31ddcc7a-15d4-4f16-b2c8-90bd372457d8,37478049,5aa4fe74-7cf5-4a34-ad12-db10bf4f0013,2026-06-30 18:30:35.863
116,32f6aaa3-a40a-46a6-92b4-adbd6a72539b,28542877,f6a9940a-63f2-43b2-8841-1ff02f0b706a,2026-06-30 21:18:44.053
117,33274077-a1e3-43f3-b733-2982eceadf94,28231969,18ffe95c-06eb-4fe4-aa4c-377974435739,2026-06-30 22:25:25.967
118,33fde2dd-5f91-49ac-ae6b-f0257c9a7c34,27217371,978bd197-939a-46dc-ac54-8c6943b9b739,2026-07-01 00:44:14.459
119,3431466d-1a35-4e12-acbd-2efeae90a16e,30912003,2c79931c-c5c2-4a2a-9e01-10b4a19c8b11,2026-06-30 18:44:56.858
120,36f915bb-70c7-483a-8410-b6f24b66b475,30812517,862b3ad4-248a-42ba-9b48-bb3f495ecd54,2026-06-30 19:09:59.447
121,378ddbc6-a2bf-4c9a-8554-3f815fff68cb,30156155,34219cab-43bc-4aac-9703-ed5dac2960fc,2026-06-30 19:26:24.274
122,379efb3d-c7ff-46eb-b8f9-b8666900c39f,25667869,fa681bf8-1e86-4ff3-b948-ef90a6e1385c,2026-07-01 06:47:19.222
123,37a82152-236a-4cb7-b7de-0cb092064b15,30079882,76b43cdd-66d7-4034-bea6-e59c5c7d14f1,2026-06-30 19:03:10.524
124,38c91f9e-03a1-4291-97bd-f0d2eeef8a10,20346802,4886b0ad-c764-49f4-8bb2-5580a969a8fb,2026-07-01 08:36:12.273
125,38e48653-1977-401a-bc3e-ea32b9e7c5bb,28081159,06961a3c-83f7-4a79-b58b-83772724002e,2026-06-30 21:42:55.809
126,3904d5cb-bb7a-416f-ab89-e034913c1b11,30607738,28b383ef-c31f-4fc2-ac6e-ea5de46f0504,2026-06-30 18:57:28.829
127,391ff1d9-1a43-4b04-adb4-186f4880d203,28504075,042a4efc-0c21-4c78-a1ce-33ade9865c39,2026-06-30 22:06:13.899
128,3ab33997-5c9e-4d0d-990a-70883b5c97f9,25913227,464c2236-2dfb-4739-9415-c6efd099ce6c,2026-07-01 01:47:44.182
129,3af27729-2db1-4d5b-a018-ba9b37f90d0e,31330351,dcd3561d-b980-46cf-b59a-cfdfa95431a7,2026-06-30 18:05:35.621
130,3c127c3c-1234-45bc-a3a5-ef1b90e264e1,30716609,1b54aa15-8d3c-4943-8587-ca745eb70ebb,2026-06-30 18:55:14.462
131,3ca6b869-0779-4baf-9737-8bd5bc87548d,,,2026-06-30 15:05:20.645
132,3cc183ba-1198-4f27-b240-df072fc08bd7,30177122,,2026-06-30 19:36:22.152
133,3ff0cd6b-6f55-4c97-bfa8-a1fe741a526c,27945570,30621a1a-f579-4db8-9381-c2e9306ef9c0,2026-07-01 03:00:43.272
134,407d6883-9f57-41bf-8b94-1bf803e89a5c,,,2026-07-01 08:50:02.867
135,407eb5f7-7f2c-4e6e-b427-60950899dfee,31408196,0a9e7753-c274-41df-8a2f-75cbcde965fc,2026-06-30 19:07:40.91
136,41addece-bddc-4014-b4f5-5d8948997fd5,24857579,66cf3ffc-bc98-49a5-bc5d-09785fcf808f,2026-07-01 02:20:21.604
137,41c57cc0-4cbc-4c09-9f6f-8d7e5d628613,35587546,88ecdfff-ce26-43df-a4d6-9364b6f547da,2026-06-30 15:12:08.567
138,42319916-685a-411e-ad9c-361522f1cac4,32525463,8a4d9790-43d0-481c-9bb0-80a3adf43fc7,2026-06-30 17:47:22.637
139,4399e723-69ea-4d8c-bb50-e61e6b6b5de0,25916716,20678afc-aae5-4f73-8fe4-728649ce16ed,2026-07-01 02:08:48.796
140,4483f304-fdfc-41e6-ae8f-388a94ef53d4,28978015,,2026-07-01 04:50:54.892
141,45a68c83-7d35-4e1a-89f1-10a247ab7cbf,31550347,,2026-06-30 18:20:35.642
142,45dbbbbd-7e62-4031-9453-f3971875285f,11783382,,2026-06-30 19:34:11.123
143,4604ed56-2652-4699-9101-1ccbdcf04fd8,28712626,d7827837-b358-4c37-b466-b2a5ceaae558,2026-06-30 20:50:31.168
144,4610523f-7858-41b3-8ae4-9c1d5c71b440,25954735,bc47100f-5d47-489f-aab6-2626ad0992d7,2026-07-01 01:48:06.994
145,4630c2e6-2cb3-4235-b2e1-987eb4539abd,37543200,,2026-06-30 14:30:10.375
146,466db4f0-168f-49b5-8d12-c2ac6067ff34,30354797,ef9fd89f-d1f8-43eb-9215-64cc529e5e3b,2026-07-01 01:06:32.946
147,46fb4297-6cec-4b55-8bd0-9a89f2214303,33769170,1011eb84-e483-4a03-b2ab-179f3748e326,2026-06-30 16:11:21.554
148,478b996a-6037-4d1b-ad3f-502b2ed56c97,31025980,17a19a6a-d562-41c3-8836-5952038425d1,2026-06-30 20:39:54.899
149,485fe69b-51a1-4f9e-b83e-2d253c0da118,29462890,5a10a205-0609-4ff5-b5f2-dbaf0b8d2e1b,2026-06-30 19:56:00.233
150,4b1c3b51-8f4d-49f7-aa36-40aa9054398c,28321105,af6ba891-415f-47fa-a855-5af976ab3d1a,2026-06-30 22:18:10.009
151,4b292838-77de-4009-8443-248218ec9c63,28026510,643e7cbd-244e-422e-b5cb-7fb218b3fc99,2026-07-01 07:25:53.214
152,4b89a8ef-b01b-4acb-9eae-61819223a168,32153781,,2026-06-30 16:26:50.245
153,4c02d50d-a225-4889-9afb-8fa7f61dbbeb,20251240,,2026-07-01 07:30:19.107
154,4c4a2418-4378-40f0-9f57-f74952e2842e,30446282,1e7be5ea-8b4b-462c-88bc-217848572b38,2026-06-30 19:09:28.739
155,4c5f3ca8-12df-4ae6-a906-aa12b9b62bb2,32833962,8880e94e-e9c4-4bf0-8434-cc077e2539a6,2026-06-30 17:48:44.936
156,4ca04a8d-5282-41ec-8f9b-35a00efe3cd5,30900372,1fb4951e-301e-479c-8099-0f271c8f5319,2026-06-30 18:45:40.47
157,4cdc60eb-4164-4c5e-a737-195b8ae65c1f,24167537,7c55d304-52c0-44c9-a18a-3408cadf1954,2026-07-01 05:04:20.338
158,4d1b6525-709c-4642-a07f-97d2ed9ce466,23891333,3cf2923c-d569-42df-8f3b-eed5a18d6205,2026-07-01 04:42:58.518
159,4e4d37ee-0253-40b8-a241-6206cd06ea72,29441449,,2026-06-30 20:47:01.998
160,4e5041c6-52a9-4382-8a2b-6aa9e6b050ec,21216283,a3352b56-2c4f-4739-9607-5f1a743d79ca,2026-07-01 07:29:03.937
161,4e70fd51-cb40-4ad9-b855-7be339411f51,31966787,4ef68545-04d0-46d5-92f1-7f1cb143b9a5,2026-07-01 06:02:38.518
162,4f9a64b8-9d1a-47ea-88a4-cdec5f5d9e28,15759439,,2026-07-01 05:17:54.15
163,4fb30f03-8c7a-4ed2-a9f0-f3151fc29996,,,2026-06-30 23:13:03.632
164,5108ca90-d64b-47ea-99fd-87b53109b95a,27346887,a22e1760-bccc-4459-bb99-2b1da72f5515,2026-07-01 06:46:49.748
165,519a4540-bbe3-48b0-af61-1e9a4e03fb8e,20942272,bfa9caaf-91f2-4225-be01-100a4569e7bc,2026-07-01 07:29:30.829
166,51b11646-8217-44aa-b535-b04225e77222,24895223,a70f8c3c-d156-4bd4-94ab-c88ef343f4e8,2026-07-01 03:16:06.36
167,52321a1b-f21b-45c4-a8db-a1052e2b6356,25552603,,2026-07-01 01:37:16.06
168,5282f0d9-c38f-41dd-871e-cb9326285221,,,2026-06-30 19:02:34.368
169,528a505e-0fd3-4175-b8fe-48b44c12ee61,21666163,cb2507c9-ab46-4435-9f95-ffb47e3652a6,2026-07-01 08:07:18.537
170,52a23772-2390-4afb-a1e3-c6a4c2137045,,,2026-07-01 02:03:07.484
171,52a4b7c8-5631-416e-9987-c45b1dfa913b,30119819,,2026-06-30 19:43:29.098
172,540601f0-69dc-4231-95bf-a88c40191c9d,27502263,6f72f644-51f1-4ea2-a276-47a4d74e3e08,2026-06-30 22:56:19.902
173,5444761f-260f-4951-b5f3-8312fd81fd91,26014420,f6942411-08bf-43a7-9f89-2ad12bdcf9ca,2026-07-01 01:37:57.551
174,5473514b-0966-49ae-acc1-a4e95d5ac03d,27018525,,2026-07-01 00:03:37.916
175,5497fa3f-04ee-42f6-bfe4-0517b86dfad5,23398100,,2026-07-01 06:48:15.524
176,550997fb-620b-47a6-a6cb-a2f38b8d2613,29875999,4558b191-375e-463f-9924-67b0ffb3e6f8,2026-06-30 20:19:08.143
177,5593a315-1f30-419a-a416-07c8bec15e7b,33414884,9c7e093e-bcbc-4990-b4fb-72815e4211cb,2026-06-30 15:45:39.355
178,55f52a6c-211a-438b-a7a9-fbc5b05d13f7,34209910,,2026-06-30 22:13:16.491
179,56250d06-5f90-42a3-a3e5-f4556545c2d3,29676385,23d51707-8694-4dcc-a894-325b485ac9a1,2026-06-30 20:03:32.238
180,565b7d0f-c669-4ebd-89d9-15dc7c528b44,23929064,2657d77e-18b7-46c1-b5ae-c12e848aade2,2026-07-01 03:54:16.773
181,56bd1145-1bb4-4c35-b0bd-978305b68f12,31655870,33538001-2b03-4ac8-b2cb-ce78d6bab239,2026-06-30 18:14:39.023
182,56f5bc2a-08e5-4345-801a-8142ff352a3d,32416350,1102b438-8bae-478e-94cd-121b49396738,2026-06-30 17:55:01.98
183,56fdcc65-2e22-48c9-994f-53637504c65f,29031862,,2026-06-30 23:52:25.703
184,57245e1a-8715-4b96-9f7d-8270490d1cbb,29825815,ab679bd7-7817-4520-b3d0-2fc54b31043d,2026-06-30 20:04:45.337
185,585a4389-b625-48be-b65d-15f77fa2b16d,28974352,bef46d6e-0bad-4c5f-a51b-396d8fbe32a9,2026-06-30 21:32:39.595
186,58ada426-5452-4def-a4f2-26825d7045e4,24496700,,2026-07-01 03:37:13.982
187,58e61cc2-355b-4edd-90cf-c68efb1ac4d8,29892109,,2026-06-30 19:14:47.214
188,5a79103f-4a4b-4756-8cd0-be263f0e13b7,29486782,8bdb8fcc-cc71-4bcc-8f12-8aae64417a95,2026-07-01 00:07:12.303
189,5ae1f655-c0f1-4620-ac91-f0f2b1cfc934,,,2026-07-01 01:42:21.278
190,5ae479e7-9587-4756-852e-806fa093633f,,,2026-07-01 01:16:13.224
191,5af7b33e-34a5-4bc4-98f3-aff48f4fb634,28803976,4e479284-ce0e-42e8-a9df-3e737a8ce4bd,2026-06-30 22:34:57.374
192,5be8ff29-ac41-441f-8471-a63c973d99e3,,,2026-07-01 05:18:35.469
193,5d034cd9-2322-431e-a122-16e98ce2e9e4,25428985,d3114023-6c3d-45eb-b4db-3581c5e07bca,2026-07-01 02:02:19.92
194,5d417070-a58d-43a4-af17-2dd3870d53e5,29216284,61359ef8-f274-4db3-b7ee-0d29aa492f87,2026-07-01 00:34:46.227
195,5d551029-a597-4ba9-bf7c-0c3e8a5bd22d,34073662,,2026-06-30 17:26:54.681
196,5dc7be59-4078-4ac1-9814-e61ca63d5368,30699691,2a9c3426-08d9-45bf-9404-c2172c3c3ad5,2026-06-30 19:07:08.252
197,5e056cdd-95b6-4983-9838-37721a387757,26431805,da4895ab-0d88-4384-9d12-1d3f77c17ac6,2026-07-01 01:04:47.459
198,5ed8c425-58c4-44bb-9546-db126907b38c,28461502,,2026-06-30 23:12:15.266
199,610123d8-abca-4853-bb69-cd24517cc80f,26899514,cb137cef-7935-4383-9fdf-805f620c2d0e,2026-06-30 23:30:53.138
200,6104f8fd-e680-4ca6-90e3-12680791c323,32767143,37ec603f-2306-496f-8c42-18bac07a8a8c,2026-06-30 19:12:27.238
201,6114ff23-e46d-4b39-aa05-51b68a224c93,14317080,,2026-07-01 01:36:48.175
202,61ec2d20-c567-45b4-8545-7fd484054c73,28373911,98fce6fc-61c8-41f0-a82f-b71bdf159e83,2026-06-30 21:59:23.924
203,631c4408-15e4-4cc0-b523-52139ee9a511,26620943,,2026-06-30 23:55:08.978
204,6365a7df-159a-45b2-8615-59719423f1be,25710241,ceca1f5f-12c9-4b1d-b883-25083743d13c,2026-07-01 02:53:07.049
205,63b23db3-a2e5-43b4-b6f1-27cfa760b115,28691677,4ce6bdc9-6a4e-4818-8215-461e672e8084,2026-06-30 21:29:23.898
206,641b3950-0349-4a64-9dd1-7b09b546ec12,23454425,,2026-07-01 05:51:45.22
207,642d27e2-108d-420d-8e82-5e0aed394718,,,2026-06-30 14:33:58.37
208,6480104c-6198-4a29-8a92-8fcd3263a467,24460286,64047d29-1d87-441c-9a48-5696afc7456b,2026-07-01 06:23:17.599
209,64bcf3d4-7b32-4529-b79f-a17cf285c61d,37144593,77d12b54-6174-4e9e-aeae-54bf59cacf75,2026-06-30 15:04:16.207
210,654a2913-5e47-483f-9f2a-59a868b25e74,29119282,2f2630c0-0859-4845-99f1-71460dda834c,2026-06-30 23:28:46.68
211,65ac3f6c-72b0-45bd-a0f9-cac2c22955bc,29191969,,2026-06-30 21:50:15.031
212,6663ef01-8d1a-4eba-a1e9-a1c973808c51,31443767,,2026-06-30 18:26:25.421
213,66efd503-d9f5-490e-ae87-35c187bf4021,31532806,8a05be7d-e6ce-4153-b8ef-6950eb1adb35,2026-06-30 19:06:43.5
214,689c9179-a407-4e79-9776-b4d763735164,,5b35b67b-3b82-471c-aee0-43e7ebe14228,2026-06-30 21:09:56.284
215,69aa230a-2c1c-41b4-9566-709423331805,34410415,7375c236-6a7d-4d71-8036-02d4dd35a70f,2026-06-30 16:14:43.94
216,69bc3c6d-c4e3-4603-96e0-23258c9b7fd7,,,2026-06-30 17:42:49.84
217,6a674cb5-3c4e-438b-83cc-6aeef06697fd,30514672,38721717-8f9c-4e07-a34f-08e5fff667a0,2026-06-30 19:28:23.489
218,6a785722-7570-48d0-9bed-59d4610370c5,26785241,b4c64b34-b149-435a-a146-62650b00f607,2026-07-01 01:11:56.532
219,6bef94fd-ad9b-42e2-8cc6-90226f552372,22432783,6e98d817-475c-4961-ad8d-d50122e2880e,2026-07-01 07:05:44.509
220,6c382b7a-a792-482c-9bd7-3f4e4482770e,27324333,acbb45b3-0898-49bc-a5d1-48066318f2f4,2026-06-30 23:53:13.194
221,6ce4409d-1670-47d5-9386-36aac0414bb0,,,2026-06-30 21:24:43.572
222,6d561ba8-255b-4cb4-9a7e-469218e03218,26053033,1970aa78-5025-4ed1-aa26-5049b230fa85,2026-07-01 01:36:21.057
223,6de23cb0-2d7e-41ed-a75e-80131e33b770,30102581,7d78e119-6c83-4a4d-9bc8-0bd1cf2f44a8,2026-06-30 19:25:27.197
224,6e3c1dcf-efab-4d0f-9f4d-1c2bde3ddb8f,30017206,e7414490-ed16-4f6e-8dbb-10ca7309e03f,2026-06-30 19:08:10.877
225,6f0b2553-eb6f-4d96-9693-8c44646a2b75,24487763,407c55ad-684a-4a06-b89a-48045659abff,2026-07-01 02:07:41.901
226,6f42add8-9cbe-4795-a6f4-a639674ae547,28592131,3440b201-2393-4337-9e83-6646b843156f,2026-07-01 01:10:58.866
227,6f5e571a-b9d6-4c61-b2a6-aa26931ff33d,28131169,93c73d7c-f447-42a7-82a6-4cca69598cdf,2026-06-30 22:33:46.057
228,6fdf6c02-b9d4-4f61-bce1-5485e2d29897,37262874,,2026-06-30 14:47:15.934
229,70859039-67db-4aa2-b91e-7d885c54a282,,,2026-06-30 15:31:55.795
230,70eba035-a94e-4d2e-a8df-c59ca12e2b60,,9e51c418-e36c-491e-b2fe-35a4e738503d,2026-06-30 23:49:41.118
231,71ed5ecb-dc07-45ef-981d-7f7a8aaeab82,,28297740-fbd1-486a-920f-b6bbc5727f58,2026-06-30 17:59:49.736
232,72c26487-09ae-4f54-877c-be01ec244ef2,21250063,a1249906-66f5-4217-b933-2b89a90a259b,2026-07-01 07:42:15.015
233,73171014-3bab-4afb-b0b7-2ba18f324234,30651001,215c59bb-dbae-46fb-a741-2036a1b62376,2026-06-30 19:10:35.982
234,7363a445-9840-4c35-b4e4-06a1b2e76b65,31023256,02e76b0a-b9c6-4f28-97cd-f09e93c5490c,2026-07-01 06:01:25.786
235,737a32de-7e44-49d0-9e00-c6dacaf38f21,23069402,11ab45df-ee87-4785-8dde-a317b180c9fe,2026-07-01 06:06:32.112
236,74432114-5da3-4b33-a10d-0a7e8d8f2bfc,28840339,49682693-e1dc-4a57-a068-fc0fd011dea2,2026-06-30 21:17:56.225
237,74d259c3-9b9b-4bbe-aff2-67a39c3ef343,33727395,3cb9bdca-3574-424a-a5f0-b50bf81a7b92,2026-07-01 08:00:52.226
238,7594c8fd-87b4-4ccd-a6dc-5e9394aae314,24391352,423d8cfe-41a3-4b7e-a9f6-077c744d1bb7,2026-07-01 05:05:30.965
239,75b258a5-6f12-4b76-80c1-7eb49bbc14b7,34712178,b3103940-ca3a-4c2c-bf59-4326ac065967,2026-06-30 19:54:45.914
240,75b8201c-96e0-4e48-a23d-89854c1d6135,26176601,b27e6618-de00-4410-981d-9c4b79104e5d,2026-07-01 01:22:40.034
241,75fc7929-4ed1-4c90-aaf2-f40231e1d55e,37410099,5952f7f1-acb9-4a9b-b829-ab38c0b74e47,2026-07-01 01:26:43.975
242,7606e316-d156-410b-8b61-5cf0d10f90df,22314349,3ea35719-c955-4984-9257-87867882c6e9,2026-07-01 07:14:54.892
243,769c89df-b480-43d9-be13-7018a7c60450,20206756,44789ace-6634-487e-a6e2-83e386cdcde3,2026-07-01 07:00:16.3
244,7705af9a-bcbf-45b3-be6a-5edad879bc66,21287755,,2026-07-01 08:10:31.748
245,793916da-1316-4950-8fc7-0f739d157c19,34126165,95a7d443-559e-4b0d-a6e7-0e767caaa9df,2026-06-30 15:49:48.965
246,7986935c-cee2-437e-ac4d-bbea5057250d,27718770,4cebbe00-8a7c-456b-babe-39d980597a3f,2026-06-30 22:02:47.383
247,79cdccc0-e182-4f42-a478-89227340b43f,,,2026-06-30 21:37:34.702
248,7a324fac-a896-4297-a108-dcb23565a6ce,23256941,fbac206d-d650-48fd-8d32-830e98d929dc,2026-07-01 06:06:03.387
249,7adcc3ec-881f-493f-8bf9-f6b8d1fe3d36,21615625,1ffb0aef-5cf4-473e-bf16-274667cdc310,2026-07-01 08:11:02.014
250,7b5cc499-bddd-4d6f-80f4-0c7bde4bd757,25433110,90869794-27dc-431a-908f-dd35da9338d1,2026-07-01 02:25:19.506
251,7c133734-bb64-4f53-876e-e75f94502c95,,,2026-07-01 03:31:43.562
252,7d200e8b-0742-48ac-a6e7-14f0bef62e74,33498026,a320528e-5a9f-4f6a-a87e-dbc30a28c33b,2026-06-30 16:23:09.08
253,7d4aef2b-cca0-428a-84ac-4e6164975951,26873858,7580d8cd-929c-4de5-a3da-629d75e8e7cd,2026-06-30 23:38:27.028
254,7d5a8bd0-fe07-4a5a-aa4c-cbaaa1cb29e6,,,2026-07-01 05:12:13.466
255,7d779451-d316-4ba0-b0f4-07c1872e0c25,27985491,,2026-06-30 22:31:19.768
256,7e54a8ca-a654-4459-a32e-0e4980a32601,,bc7b01db-856b-4e2e-8081-3f197456d4c6,2026-06-30 18:22:04.417
257,7ec395db-10ea-48e9-814e-7ce69928adcf,21778366,301e1c84-dbe7-4694-99ed-80dc0e688d7e,2026-07-01 04:25:56.346
258,7ef62618-2315-4fc0-8223-df1c55931de1,23376239,,2026-07-01 03:26:56.683
259,803410b9-2dfc-40e8-97b7-45132f0042e5,9944799,e1b738cb-801b-4e58-acac-2c3c851ccb4f,2026-06-30 15:33:46.48
260,80e08cc1-c27c-4e91-9635-ec8b8850ed5f,19353571,,2026-07-01 01:40:39.358
261,80e388bd-c5a1-431c-9a83-9b33278ecd3e,30553693,06dcae87-dc70-42b2-bab0-f388a15afccc,2026-06-30 16:21:37.547
262,811d1be7-c9ef-4325-b101-f2c5dd8737b6,28070686,eef47de4-2ac6-4e6a-866f-c2a532583d4d,2026-06-30 22:41:58.986
263,81739153-046f-4e6c-84ae-a039b39d2712,26871548,cf2b2719-4248-494f-8a22-4559728b2afa,2026-07-01 00:49:36.974
264,820c9eb2-cf93-403a-b57b-fa8ff545d05d,23826827,575848d6-c91c-44dc-9237-3d3ea1799904,2026-07-01 05:09:56.072
265,82bd175b-2c53-4297-8ecb-289dcbded399,35968450,,2026-07-01 01:27:26.02
266,83138a26-96d3-4cb9-a079-2ff163803398,33945918,a2a0c6df-4689-4d86-96ac-bf0b6934aeba,2026-06-30 15:44:42.812
267,8357ecbf-c1d2-47ad-b5b1-d241690059e6,26070910,0d69ad3f-f3f9-4ad4-b87b-915cd6790f52,2026-07-01 01:43:43.29
268,85160f6d-1349-4213-bf45-1cf85f04a2b1,,,2026-06-30 23:20:41.227
269,8541f5d7-862f-4eea-bf86-e2a4036f333a,27860313,4c5384fa-4847-4c15-bfe1-57af9fd330d9,2026-06-30 22:26:22.088
270,85aa06b1-5530-48e2-831c-d2516009b208,33172038,a0aaee8a-1c90-48c0-b916-621d8295534d,2026-06-30 17:41:16.454
271,860c8639-ed87-4d10-88a1-f8286630a7ae,,,2026-06-30 16:20:04.695
272,861fae0f-caf5-4fb3-ae44-0b2eb9b7d878,34958504,8e3f9aab-5f61-45dc-a152-0c294b0b218e,2026-06-30 15:24:24.121
273,86378c21-de22-48e7-9d12-b4665c942f49,35273833,,2026-06-30 18:12:57.232
274,86b47013-7a96-4594-afc6-b4737770827b,27739752,e269fb99-c4c9-4fed-8ce9-4caf096f563c,2026-06-30 22:50:33.023
275,86f9eb5b-8cc0-41d1-9aed-f6e8c36c2d24,26450576,,2026-07-01 06:39:18.897
276,881f48cf-83a5-4ab0-b47c-3dae5245cea9,21508375,3eacdb22-8e3a-4c61-a46f-5154a28ff771,2026-07-01 07:17:35.928
277,887df125-5335-4690-9f6b-59bd2dabcc47,30581926,c9407bec-ef7e-4b41-bc35-62118b99a127,2026-07-01 02:45:08.688
278,8896b174-99ad-4b91-81a0-fc3ec54e883c,26220695,8d35fcce-4c89-405e-9190-18171d7fd0aa,2026-06-30 19:53:08.592
279,88d86fd0-59d3-423c-9392-ce0ab00482c3,23488526,97a2f602-0ad5-4d1b-b4f1-78d1a49eb85d,2026-07-01 05:36:54.07
280,89fca6b9-647f-40d8-86e9-1561903e8946,26837399,850219bb-a5f7-4c01-853a-542d6e8d46ff,2026-07-01 01:18:52.844
281,8a03b328-bd41-4573-8b88-ffc8f1d421ea,26182712,7c05a146-f287-4fd7-95f5-43a28e00ab87,2026-07-01 01:20:40.451
282,8a62aba4-6ba0-4287-9d2f-05f4a95565c4,37261371,c3204900-0ef4-4f36-82ad-43fec8ff2254,2026-06-30 14:33:20.378
283,8af0452c-7c53-47d1-85b1-39759bf21d3b,22859174,,2026-07-01 08:34:37.335
284,8b5aca95-df18-47e8-859e-9a7eec3ac30c,32476608,4683e768-53a4-42ea-aff0-2b5ab720b67d,2026-06-30 17:34:53.316
285,8c1a4683-d234-42e0-bc55-b6d2207034d2,,8a758b91-bdd2-497e-bde5-1d3553711fdb,2026-06-30 20:27:40.012
286,8c71578d-51de-490c-a7cb-41a38f6ae1ee,,9d20310e-77f0-4650-a74f-5d54935ccc66,2026-07-01 03:57:16.081
287,8d3006c8-7ef5-499b-bd50-d2d7087f898d,24713843,551a6437-7556-4303-949b-84144f12ec32,2026-07-01 03:57:40.174
288,8dc10ddb-9106-495f-b74d-d52e1db2c7ab,22169038,,2026-07-01 07:42:32.088
289,8de0297a-a5ce-4b7d-b7d9-2d4fb3694ef0,20085250,bdc2f645-5e4a-4c9a-8190-4aaa9dd1c651,2026-07-01 06:45:41.941
290,8e33c273-0cca-49c0-95de-e7f856f2860a,,,2026-07-01 01:21:06.629
291,8f65e1f8-9234-442c-b9ca-547b49402b8c,,,2026-06-30 22:13:39.312
292,8fe1429c-c842-4384-9c19-feabf7a80fe1,33176643,aed09a22-b6c3-4c29-a70a-d9b90ab89740,2026-06-30 17:44:02.133
293,8ffb51dc-b18b-4455-9c3e-b44d65078fe3,24511742,75554181-a985-4bad-ac01-42eacc997765,2026-07-01 02:42:20.55
294,90d141e2-b17c-41d7-a5c2-1c87ed0e7b6f,27896814,b8081a53-5eab-402d-8230-135d339f2cba,2026-06-30 23:00:27.949
295,91cb9d0f-d252-4b92-8d3d-530da14e4324,30318473,688e28d8-e250-45f7-9f97-6dea06410cf4,2026-06-30 19:38:44.152
296,92d1fa91-a317-46da-8a81-a2faee77c941,35254561,0bb66489-471b-439e-8311-9bd8ee6b22ad,2026-06-30 15:43:52.098
297,934380c9-63d0-4f9b-b839-fe41638f1c67,22538405,7be3a350-0844-482d-a44b-33e08928656f,2026-07-01 06:24:04.196
298,93604f5e-58e4-47ed-aa53-2b54d902f594,20097841,e36fa449-19f3-46cf-9c24-01a262a6194c,2026-07-01 08:46:06.433
299,93cf02a2-3396-4015-afcc-41073855ea25,25767598,a159c242-c913-4e8b-aaeb-e790de3438f1,2026-07-01 06:48:40.946
300,9448ac4f-e452-4b3d-a954-2bc1f37bfc3f,35834515,,2026-06-30 14:49:58.183
301,949c5eae-c4b8-4f0f-891c-d6ec888565a0,24089390,f317fbbd-29d1-46ed-bcba-9674accf668b,2026-07-01 05:53:13.418
302,950ef522-437f-4fc9-941f-ae6055b80454,29812609,,2026-06-30 20:09:26.399
303,953dc911-5618-47a0-a3b1-af00da833689,33323439,b15b950c-9871-498e-bc49-cb5866e5c583,2026-06-30 17:40:28.449
304,9547db3d-62c5-4ab1-af74-fdd29913190f,22125994,a64d764d-deca-4231-bffe-bcaf40fb1943,2026-07-01 07:30:46.669
305,956eb7e0-fc14-4d3b-b70d-e70321b35735,27264501,,2026-07-01 03:21:27.385
306,959df41c-a3c7-499c-815c-88fcaab07f22,20662840,861ecaa4-71f9-4967-81e1-d84ac7f78998,2026-07-01 08:08:38.731
307,966d2293-4234-43b9-b4db-880c9f1a45ec,962543,5ec86333-73ac-4df7-a28e-3a43c6d5c25b,2026-07-01 06:58:06.29
308,96adc3c3-85b6-4af3-8608-a650750d1c1e,28214803,9c36c1a8-a8b3-4856-98ba-e2090e41d455,2026-06-30 21:52:11.574
309,96e1e802-d561-4e4d-8191-c76fdc8fe1de,31909120,9c34e2eb-462d-4389-8108-b4cab563ab9b,2026-06-30 19:34:29.421
310,96ec8d31-3b51-4372-9b15-5b6d60e0dee0,33553464,93267534-858a-46a9-8199-0b9f88a25a1b,2026-06-30 17:31:05.099
311,96f632d0-33d1-438d-ac8e-a7c899e2d654,34055980,e8913907-0528-4239-a9b0-f7659c901745,2026-06-30 15:47:11.783
312,981bbf72-c69e-4b54-b615-27c48b96e723,26245466,38b88b63-4679-47c7-90a7-f6c313508c91,2026-07-01 00:32:02.129
313,9833d653-f7ca-4c72-a4c8-49d5898e16d7,33472154,0ac415cc-0316-4f37-a1f9-85f5785f8661,2026-06-30 17:32:32.603
314,985a45cc-d18e-43c0-912e-3567f83cca11,16561002,,2026-07-01 03:05:41.218
315,988285f7-2d09-48ec-a685-50eeb2f786e7,24446594,295ce62e-9c5d-432e-b8dc-92a95523c78e,2026-07-01 05:27:55.952
316,98cf8b29-e11e-43ea-8370-627f49f964e4,28897717,,2026-06-30 21:18:20.623
317,98d1e2cf-d925-4558-a4ef-4e8ef6de2444,,,2026-07-01 04:02:17.133
318,9a5056c2-8c84-422d-9b99-75715adca1a1,22380943,009e6309-7318-40ff-8517-5f8648ba0726,2026-07-01 06:14:58.884
319,9a6d055e-e7fb-473a-8133-9a70dae4ec40,33825282,47bd836c-faa3-479d-8d46-28d2b9cc4f0f,2026-06-30 15:51:51.592
320,9b2cefb9-b274-4a16-856e-b2f09f829ed8,34012395,ed8c27f4-20aa-4575-b453-051db399fb57,2026-06-30 23:09:33.28
321,9b4fe0fc-a294-4978-a7d2-378572e565f8,20688325,ae02de93-2710-4248-8361-177566847e24,2026-07-01 08:18:50.641
322,9b5082f9-a5c7-41b3-9c41-b24727f3e4f9,35108915,456fce78-c75c-467a-827b-c7a2bb450979,2026-06-30 15:08:41.431
323,9b87d0c0-cafe-4dec-a87d-a586dd94b8c4,,,2026-06-30 17:33:46.364
324,9bc263e5-bf95-4704-b1fd-59af25eae558,31475981,083a0fed-0bd8-4290-ba41-ea9213aed872,2026-06-30 19:59:09.146
325,9bf27acc-1feb-41b2-a187-eeadd9c4137e,30115127,420006ca-ada7-4802-811f-cb5f9528f16c,2026-06-30 19:42:06.018
326,9bfa4b19-109e-4ceb-86c9-a4820dc2c87e,36623143,22e8329a-ba62-4cfe-add6-6a33af9edf9c,2026-06-30 15:18:45.926
327,9c8c78ab-060d-4a08-baf8-47425daeec1b,25669345,d0497707-3bfc-4e0d-85d6-3e1c199ae368,2026-07-01 04:01:54.279
328,9d324dae-0eee-48f8-a963-7a02cbd9ba43,26871923,26d1fb9b-f80f-4297-a7d4-87354508f617,2026-07-01 00:48:08.526
329,9d75856b-41eb-4fa0-9587-a18297135a76,35739139,5b409f1d-012a-4a5e-aac0-3860801bb3cd,2026-06-30 16:18:03.68
330,9df9ee75-de35-49ac-b35f-f9356e966851,,79a9c668-a439-49ed-b01b-a8efb0aaa4ed,2026-07-01 06:16:49.786
331,9dfd5e8b-fe7c-4a79-8970-9c3779d9ae8f,27288591,6f13a432-2a77-4785-b8f1-b3b216e11252,2026-07-01 01:05:06.089
332,9e31ef0f-05e2-4708-b380-1f7299df8f56,23133749,725d3b2d-883d-4fdf-817b-2997fe5ce561,2026-07-01 05:25:40.725
333,9f54b5ec-e03c-4e64-ab94-3db5ed9956a8,20656987,d18aab1c-cc43-406d-9d14-2ab19e9de539,2026-07-01 08:45:39.84
334,9f73ac3e-43c6-4095-92ae-6af5a26112eb,32938728,bac516a9-2b05-40ea-844e-93445609888f,2026-06-30 19:48:39.521
335,a062f6b8-66fd-4a4c-85c5-8bbd2a3d8721,24145067,,2026-07-01 04:12:57.347
336,a087455b-5e82-4f6e-8448-738f365b2152,26841716,c7bb5fb3-ab54-4cf6-a2ea-8e1a6a1b0850,2026-07-01 02:34:47.721
337,a0c2225b-2d98-4fa9-ac38-4cb8bb1c043c,27180828,27fc521a-8e0c-4129-a2fa-30b780efe730,2026-06-30 22:49:47.336
338,a0d29756-b2da-4d0c-966a-3cb6f083498b,23955098,957cb7c7-f183-4ead-a2cb-e7ee5aff9aa7,2026-07-01 05:03:10.998
339,a12f3688-1f4f-4ee2-8deb-0cd11d77aa61,29652217,ff1582bb-3926-4239-bd3e-114e4da93896,2026-07-01 02:41:29.455
340,a223236d-921b-466b-9e42-c8cd0c9280d0,34762673,eb293bc8-a9ad-41bd-9a0b-1b8807643a83,2026-06-30 16:23:56.214
341,a23375de-4af4-4b5f-a1ac-e0b989e09c19,34623196,,2026-06-30 15:30:47.073
342,a269d4d4-9e53-42b0-b316-e6a305b6b5f8,30283982,6db10c04-ab73-4695-856a-a474f5cd3931,2026-06-30 19:33:37.193
343,a32e8f70-38d7-48cb-a0ee-969102d593b2,29698093,ea2d7e36-d098-40d3-9726-972aef0fdf9c,2026-06-30 20:33:39.6
344,a343822e-9b7a-4ea4-9781-500ab00d81f9,21868135,cec08e32-b1fa-49aa-b1a0-4334f6174edb,2026-07-01 07:53:01.019
345,a3d0716e-ab93-4cc5-9190-4a40b844eca5,18789898,72931e84-bba3-4e29-b6e2-04875e4ff633,2026-07-01 08:06:24.891
346,a4297370-f2e4-4f08-8345-877df35466e2,28963396,f5150605-c45b-410b-b95b-c362eece7de4,2026-06-30 21:00:48.092
347,a4465b1a-5ae2-45fc-a442-6137178b01c9,27921294,0c49513a-c813-4337-a190-409830b59dae,2026-06-30 23:16:04.94
348,a48535c6-2b68-4611-ae4f-04211457dfd6,24381002,2774f5e3-ec1c-4fe2-a643-71af2ef667b3,2026-07-01 02:22:32.061
349,a574756c-4f0b-430d-ba57-408cc4405310,18761350,414dbc51-f659-4962-a740-2e9a44a2f44f,2026-07-01 07:41:50.199
350,a5b9a0ed-215f-4bd8-8951-8eb6f20d89ce,22647344,d0c09535-ad71-4225-ad80-1d45e7ac1cee,2026-07-01 06:40:11.68
351,a5f1c19d-259e-40b1-81a8-5fbc82574679,29012569,34399e53-d837-4f21-a0ea-ab38d2eb2263,2026-06-30 21:07:57.04
352,a664ffdb-fd6e-45e9-865e-692ff5d27152,28280527,f4dcc38f-1eca-4b02-8e0d-6abc33b97166,2026-06-30 21:33:52.258
353,a6bd9e90-e540-4680-986c-277b10f595bf,,,2026-06-30 21:37:57.337
354,a6c695d0-e9bb-4e7e-abaa-8a1640781ede,25200757,08e03210-4781-4a9b-927f-83b8562685d7,2026-07-01 02:11:35.133
355,a706cdd4-9142-4f2c-811d-8950015f6c17,27143766,37b57945-cf63-4b76-a2df-dab94fbc4d2c,2026-07-01 00:15:22.969
356,a7946603-ecb4-4d29-bbb7-ff24b6923a58,27046416,bcb9eb24-cd8f-419f-8d4a-11e902284f00,2026-06-30 23:29:33.6
357,a87a5437-7478-4fe9-b632-2150849f33a7,25970137,27a09896-607f-4bd1-9fb8-5385757d5f5e,2026-06-30 20:54:26.59
358,a9908181-491a-41fa-8f27-aedb34600ae5,,,2026-06-30 22:14:10.683
359,a996903e-f75b-4e29-a14b-858ec24a8161,22000552,477a879d-da85-446f-8b8e-e49d924c1087,2026-07-01 07:18:21.698
360,a9a10318-3b2e-41d8-8850-c3d7f276c13d,37822284,d033b1a1-80f2-4423-8d9d-a0f97ec420bb,2026-06-30 18:56:04.449
361,a9ce7b1a-5b07-4f2c-a4ee-ef98e4f4e849,25762129,34bbc870-b81e-4fa4-9a10-59f721fd6703,2026-07-01 02:08:16.911
362,aa191314-bc58-4929-99cd-1961fc8976e4,24268013,24db8e01-2ec6-4b89-b08b-f3340c01698c,2026-07-01 03:03:31.698
363,aada107d-c214-44dd-8437-bb968742a796,22354615,717d5c57-81ef-419e-8694-bea354a2d6ee,2026-07-01 05:24:00.007
364,ab5a7f76-cc57-499c-a749-daac0ba95d4b,27916194,05b38a58-e6f2-4ee8-99ed-30f2c3d8f263,2026-06-30 22:46:26.662
365,abf64229-c94d-4279-b6d7-5be6ae2041e5,28735918,cfa23b70-bc30-4ef7-9805-fdbea8e08da9,2026-06-30 20:44:19.635
366,ac7b8d6d-6c8a-43b0-89a3-2b019a44dc90,33706167,7d0a7856-d91f-4dd3-bf67-97a9f8f0297c,2026-06-30 16:16:34.245
367,aca4fa25-5e68-4fe0-8fa1-d9f06a59b073,35229781,fa79e98c-c06f-4930-86fc-7b4ba8985684,2026-06-30 15:15:28.163
368,aced1218-4f97-4450-aaf7-142d62e38866,28321531,c3f7f5e0-ba8f-42e3-9e61-cf1fd10682ef,2026-06-30 22:28:44.325
369,ae1d5c8f-7989-4170-8c93-77e940bb34b6,24248528,87affb84-af01-4308-b939-5d98b9969445,2026-07-01 04:15:54.108
370,aeb62ea4-807b-430f-b159-8dd996cedee9,34272040,9644d5a1-ca5a-41fa-b8f1-81918b74fea8,2026-06-30 15:49:00.258
371,af96cde2-28b8-4f02-8852-daaee835da05,32873841,31c19006-6c9b-4ec1-890e-6c27b847ea0b,2026-06-30 17:43:14.02
372,afff0054-89a9-4a12-96a5-913e76e0d232,22945076,06a1244e-c84d-410e-978d-7fa4a6796289,2026-07-01 06:56:54.458
373,b1e70c80-9c4d-4714-ae3e-49109dd06715,27154014,e37323ff-1c6c-406c-b10f-e4022ebbbd36,2026-07-01 00:29:41.801
374,b25cd52c-faec-4929-ba49-167162e7e301,28520326,e3a10158-e8b9-428f-bf03-7b450438dd35,2026-06-30 23:30:32.904
375,b2a6910e-e5f0-4c28-8e1b-efa34e7c8f79,28471222,ebe10c8b-19d0-4dde-b796-7e47f8db5df1,2026-06-30 21:56:13.415
376,b2b8f748-c6c6-4674-9b8b-dc60ef6bcf4f,24730367,1a37bbff-d41b-4004-b56f-a66bedcb4fed,2026-07-01 03:23:38.592
377,b3d672c4-51eb-4c3c-b9b3-bc83d426c452,34019457,53c2a2b9-0c56-456b-9dbf-4035f236bf47,2026-06-30 17:28:17.643
378,b43d57d6-8dce-4d0b-941a-82039db01a79,,,2026-07-01 07:49:35.266
379,b4494237-c435-4b12-992c-27ca42867636,30577207,79bacb3b-026b-47c8-9bf2-0e107e4f3b4e,2026-06-30 21:19:17.257
380,b632c6bd-f340-4c26-80cf-44e2a981f661,25025860,a8e7dfe1-6758-4056-a685-b49e3cf5a847,2026-07-01 03:11:08.904
381,b7caf877-8fd0-4db9-977d-9f385692fde5,28004271,2775aed4-ac0e-48cd-846b-b37d4982786e,2026-06-30 22:43:55.928
382,b86a131d-5490-41f9-9655-20f67096bc80,30737878,579d5867-1678-41ab-b014-9394878497c6,2026-06-30 21:05:43.975
383,b89ce643-e547-49f3-b422-2e4763bc183f,22984883,c3a60db8-3de4-4b01-80fc-e023f292683c,2026-07-01 06:39:47.743
384,b8dd6c17-7795-4638-8b0b-53b0ffe82a1b,24684923,4ce9e626-e968-4305-889e-831ced4f3e37,2026-07-01 03:41:56.085
385,ba4c9d26-1f41-4478-9da6-8dd33ac3f610,22540901,30af44d2-de18-40f7-a961-ace219408f21,2026-07-01 08:02:40.901
386,ba59629d-37c1-4fa8-a735-0f1dab64f773,30178130,bcfd49e6-a6fa-4d26-af05-12264fa664e2,2026-06-30 19:52:34.764
387,ba6740b4-99de-457f-8615-d2274611901a,22155772,d9c95b55-296c-4778-86fe-da00bbb8ae15,2026-07-01 08:38:26.027
388,ba791237-cf55-4308-bf39-319a386d9104,32221314,,2026-06-30 17:54:28.926
389,bb280c06-37fe-4211-8cf2-f36db3bb236c,22722110,6d14501c-bf8c-40ec-b115-ab5bc8214874,2026-07-01 06:44:16.751
390,bc7f5758-b7b1-41d8-a6d3-dd85119c9741,,,2026-06-30 19:41:19.957
391,bcfb0cc8-1b2a-4dce-9f00-434111c22e57,27972609,,2026-06-30 21:46:15.009
392,bd0e3754-5740-4eb3-9f13-1f6dd120b01f,21257206,865ec37f-5be3-46d4-9901-3ddaaa6f2625,2026-07-01 08:09:21.322
393,bf8304ac-75c5-43d5-a121-0b49852787cc,27707145,171a303d-aa98-4bb8-8474-8c83120633fc,2026-06-30 23:06:19.35
394,bf8327d8-7c8d-4321-8288-762d868991e4,32054865,ea8fbe61-026e-485b-866c-f6f73c775034,2026-06-30 20:08:11.732
395,c09f0866-6c7c-4784-82b6-29284f7d4a36,20656813,1f09f969-7063-417f-9b1c-49425896c216,2026-07-01 08:23:47.191
396,c0a47717-96b1-4dd1-a9f3-ca983035b7cf,32340858,,2026-06-30 22:57:56.711
397,c1ef8eaf-fe59-4197-9b98-d7d234dd288c,35307040,183c770f-8e48-4826-8158-ee9bfa874e8c,2026-06-30 15:28:56.08
398,c2128080-043f-49f4-9615-a1d03d688cb1,31808615,ca0c2e77-f6cf-40b7-b52a-49288f705a23,2026-06-30 18:11:48.665
399,c2798833-d414-45fa-8cc0-5fda7b3a5e8e,,90cc89ce-8f7a-4568-a13f-2cc1eec77713,2026-06-30 14:46:32.428
400,c3a91959-1732-4123-93a3-4f3c5297156d,26719436,80683782-0f29-4537-b7fa-19f9fa16c0f2,2026-06-30 21:51:38.529
401,c42239b9-cbc5-4e38-8cd4-71fc899496ac,26518313,dfb12dae-a58d-442b-9cc3-cc3cf593e840,2026-07-01 01:23:06.98
402,c4dad2bf-f70d-4118-8a21-e8f6709300e4,,6cac1836-b399-4772-8def-14952f420fdd,2026-07-01 02:44:00.6
403,c521769d-d842-49ba-a33a-acfb083f01d3,32147346,42f8b8a1-ec0d-4f7e-9952-ca953c136272,2026-06-30 18:30:17.214
404,c571a919-182e-43c2-857b-4222a05d4b06,26013733,b05642bc-fbbc-44c5-95d4-62076d90fdf9,2026-07-01 07:08:57.953
405,c57597e8-ed98-4beb-b35a-4deaab534639,32741226,,2026-06-30 18:22:24.71
406,c5c282a7-0172-4ebc-9942-b955ed90d975,,539ebd87-cca8-4d57-a0cd-fe3c9a9b7988,2026-07-01 08:43:53.276
407,c5e2f535-2ad3-48ef-bf45-1fe3e65de94a,28363516,cfbdb8bb-8458-4042-bca7-2154f30cc6af,2026-06-30 22:01:58.533
408,c671e299-4adf-45da-94f8-4846823f9866,26432405,152f5c61-193c-4a9c-97db-042d01daf149,2026-07-01 00:55:39.532
409,c6918d75-ed8a-44f6-8de3-849f05abcde2,22601369,9e901e47-9865-46b5-9b68-d006595423b3,2026-07-01 05:55:40.479
410,c712dd14-cfd9-4071-8c0c-8378623de210,25604476,ea2b39ae-70cd-49c7-bf10-c3557539d8b2,2026-07-01 05:29:21.47
411,c7608eac-2b77-410c-9195-c38c2d2c83ef,22160383,3da5ec2a-f466-4590-a1f9-d280ce7b69de,2026-07-01 07:09:54.546
412,c9245294-1ec8-4b13-ac57-95e8039dc15e,27886836,,2026-06-30 22:53:45.416
413,c98a1b10-5d5c-498b-a0b0-7c565938b0dc,20854228,abc78f6d-11ea-4a26-b308-6ffd5be4e86c,2026-07-01 07:29:57.307
414,caa71bbd-32ac-4b19-a07b-fce2e4e67a49,,,2026-07-01 06:29:36.078
415,cad5e63d-384e-41dc-917f-1b48086fd0a1,34577809,,2026-06-30 21:10:37.852
416,cadc4eac-8323-45eb-9686-9340c8d0e297,,88fd3d0d-27e6-49e1-b00e-18e4866ee2b7,2026-06-30 22:42:36.4
417,caf25344-dc5c-4aee-a463-fefaf50c1ebc,30642916,2b4c6a57-163b-438f-aa75-505097a4def3,2026-06-30 19:01:44.897
418,cbf3bc23-4242-4103-9302-0be9bf5f6a43,19930240,,2026-07-01 08:44:20.229
419,cc9646bd-dc39-424f-a835-f22caf1824f0,,ba8f0b10-5733-464b-9e80-2cf136763f8d,2026-07-01 04:57:05.828
420,cd08a8fd-56d9-4cb4-b95b-4ca96d4685cf,24007604,98791438-a707-43d6-b0f4-36c43417fb49,2026-07-01 04:29:54.297
421,ce068b8e-3630-448e-92f6-3851ba5134f1,27509679,7b7a1684-f717-41d5-b1d6-be9cfbb062b5,2026-06-30 23:35:25.673
422,ce2a0015-502a-4845-9af1-f299fbb7267b,22515671,84f9d238-aa0d-4f91-ac8a-0659850c890e,2026-07-01 06:26:34.526
423,ceabc3a4-ddfc-4218-ab7d-2175c934eb65,28655842,edcb3a7e-1ad3-4a86-a1d1-ff08a368c903,2026-06-30 22:01:07.255
424,cf07dc22-7043-4894-8cf2-9abe63809193,22631921,aa974a8d-11f0-422e-9187-aae18336d069,2026-07-01 07:32:37.377
425,cf5fe5eb-c03f-4a79-a8bc-588336bc9a51,27943458,,2026-06-30 23:40:57.319
426,cfb006e7-7f42-47b1-97aa-603fedf17b60,28101994,ff8bb109-8114-4b4f-a93c-86772cb333e3,2026-07-01 01:53:00.684
427,cfcccdd7-fa45-41c6-81e0-133c1891c0d5,22377634,,2026-07-01 07:06:14.874
428,cfdb13bc-0d43-4d6c-9f37-265135b877ec,23477870,86072018-d73e-4a93-a71c-64468702c5a1,2026-07-01 05:45:54.621
429,cff79d23-a9fc-4099-8fee-fb3e3efe5d11,29287054,e87726de-da83-47fd-977a-12b33388957a,2026-06-30 22:34:21.555
430,d06705e9-6226-45d9-ad6f-f2cfad0a7182,22015558,32d5b0f4-01b2-4a8c-a732-4ac7003438bf,2026-07-01 03:01:14.198
431,d1c8f239-9292-4a82-aeaa-ce3c56f88589,23596085,,2026-07-01 05:02:02.168
432,d35239df-4d5c-4afa-b8bf-664c19fb3370,25481290,93dda858-a2f0-403e-9fa6-d8d89a36f7af,2026-07-01 02:18:49.602
433,d3d5d65c-fbda-4dd9-91c6-1b482720eb4f,20960905,9533ec5d-66a1-4ff4-a8a1-449457aacf6a,2026-07-01 08:29:53.682
434,d3ee5171-7a0b-4fdb-aec3-45dcec68a911,26997723,,2026-06-30 23:35:55.147
435,d4817574-eece-4d14-9471-a9c3ba927a11,22770437,,2026-07-01 07:41:15.16
436,d5bd21c1-1877-4ff0-b4ba-e30b76f2521b,15924356,c68bfc62-93dd-4c60-822b-94f53061b266,2026-07-01 01:32:47.614
437,d61ee24b-55ee-4e8f-bd46-c381523b89c2,33528627,f84a56a9-ab19-4ed8-95ae-5ef19eb53cb9,2026-06-30 16:19:05.282
438,d651a271-ea16-4a69-a65d-ee09a845eaaf,,,2026-07-01 02:35:45.332
439,d7b148fa-6922-40d7-92da-6ca4dfb60485,21028603,,2026-07-01 07:58:48.795
440,d7deb3dc-0b99-47f0-b07b-24e13c97ea21,26370839,52c30202-4837-4939-a0c3-eac93f4209fa,2026-07-01 01:17:01.61
441,da573214-3e45-4044-8d35-a476df8dde96,28047567,,2026-06-30 22:15:36.315
442,da783a58-3514-4f57-98fa-28562789cb6b,25412356,22d4e6e6-3ea7-4ae5-aa8d-b3ded2880fb6,2026-07-01 02:02:43.047
443,da985699-5073-4482-b8a0-5f0fbae35888,26079328,683bd358-8816-4718-8025-460006c91c7a,2026-06-30 20:30:21.933
444,daad2334-f9fa-4ee5-9974-150f5a12a4e4,32238909,1a8e66c4-b628-4895-a63c-b3110633fa4f,2026-06-30 18:01:54.461
445,dab31fd0-f0cd-44b9-8dea-541107039b10,,,2026-06-30 19:34:48.856
446,dc05b652-2bee-4a63-96b3-a8a600922360,30344906,548c0447-5201-448f-98cc-39d2fec98105,2026-06-30 20:30:59.228
447,dc599294-863c-4d50-be6a-18f81fa2494d,28862791,e3b4e3b3-9d89-46b0-9da7-fe853a18daeb,2026-06-30 21:31:44.906
448,dc860a60-4eb2-430a-baba-f07569160172,2080894,258a1bab-8811-4878-b93b-7ab507601074,2026-07-01 03:33:00.594
449,dca4efeb-52ed-4b52-9281-351fdb261359,30094151,09e0ea7d-295c-48a7-aed7-30fed700893e,2026-06-30 19:56:38.355
450,dd46cab7-b5a7-4d5e-8b2a-b4ed74f81216,32788224,ffdf9187-0174-4256-acc0-d4b7452219e5,2026-06-30 19:16:18.879
451,dddd4534-403a-472c-bf2b-67783cfa0617,22902125,,2026-07-01 08:42:39.025
452,de37a119-0034-4b4d-a930-ebf65eb259b1,26944469,63ecea1e-06c3-415c-92b0-f07462098517,2026-07-01 00:18:35.881
453,de6d9e84-d14f-421d-8259-8685fb005900,35944933,,2026-06-30 16:04:38.005
454,deb62a7e-2482-4c5f-a482-9cdbd20b44a3,14830553,1ba4767d-0104-4b4e-b8f8-99eaa41314eb,2026-06-30 22:45:25.012
455,def8fbc8-30f0-4537-9932-e47a4030a934,,,2026-07-01 02:27:05.664
456,df74e80d-bfd2-4297-9911-7a3618816c70,26945768,8c8edceb-5739-431b-a767-6d3798a469a9,2026-07-01 06:26:58.793
457,df93f736-6259-4a8e-8423-7a940dad314a,27804804,05bf50a5-24ce-4d0c-a3f7-1d104da3fe11,2026-06-30 22:40:17.965
458,e0c6e49c-e5d2-4b56-bd2b-3ca6bad5f2d8,29618563,8b3c55fc-856b-483f-9559-4ecaa2591de6,2026-06-30 22:32:18.78
459,e10b85c1-0cde-4856-99f6-057c52fd3f87,19320997,5cd61bb9-996c-4c8c-b95e-f10c8c5984ae,2026-07-01 07:44:23.917
460,e10f6908-a275-4d08-a50a-2848c7c2c5cc,33449099,7901196a-7107-4710-94d9-deeaa8ce9dce,2026-06-30 16:31:17.881
461,e124ad49-1152-4964-bfde-f3eed920b56c,24879833,e51fab8d-8d1c-4f7a-b3d7-d731bb27ff13,2026-07-01 02:55:38.376
462,e15c76f5-dc48-4225-b200-69ef8f23e94e,,3666e7b8-b0d8-40cf-b367-708b48809948,2026-06-30 19:14:19.295
463,e18dd35e-d941-41dc-b1b9-cbe7fb792ddb,23687303,c1398ce5-dbf9-4cb8-8fac-bb41623c00f9,2026-07-01 05:26:19.885
464,e1a0b4b2-9f13-4947-96e3-14e58273d109,28151797,e405356c-3b62-4933-83f5-73a562e88610,2026-07-01 02:24:09.104
465,e1a8fef5-aa84-4937-a0b6-3f60f4832e19,24113978,57e3bf8b-d472-4907-87c6-1c1001afed47,2026-07-01 01:56:38.78
466,e26a77a1-53df-4e6b-b833-01b71187ce5d,26258240,abc7e457-897d-4c70-9ca9-9e414b3effc0,2026-07-01 01:19:12.384
467,e33e6472-b3e6-4b46-b1e6-d9da3e1ff076,26684591,77d7ab9a-d84e-41d8-8d1f-a7922cf7f872,2026-07-01 00:35:37.46
468,e35fd750-8065-4b79-b5df-e304f13377cd,23487089,,2026-07-01 05:39:54.588
469,e3771125-b095-4cbb-8507-a3379665117b,25026682,6e023fa5-a219-4cd3-a150-b69e0fa6db6c,2026-07-01 03:07:48.607
470,e3b135e6-7414-4775-a3d4-1475f6f9ade7,27150618,,2026-06-30 20:00:10.729
471,e3dfcd0d-13d1-4292-b9e0-a8f593cb0e73,24432722,2116a7a9-b959-415d-ab5c-2571b174df56,2026-07-01 03:52:21.609
472,e45d3e29-bbba-4ebe-9b6e-b8914c8d6c50,34063765,d9fe7e05-4a7c-4cb3-b066-93053037647d,2026-06-30 15:59:05.988
473,e4c4f853-885b-4f4b-9f68-08e27e8c8eeb,35931724,45e4f076-241a-4de7-8345-39d4bf50bd3f,2026-06-30 15:01:50.956
474,e569391d-aff7-4313-b9f8-818d1ffc6091,21733915,e1cd62e1-1e9d-4421-a832-3b22823675e4,2026-07-01 07:46:45.815
475,e57808c0-ed2f-440c-ab8d-2e0b9589ee74,33581496,,2026-06-30 14:38:49.023
476,e66afe13-531f-4e7d-8a84-d988bb15076f,,,2026-06-30 14:54:08.188
477,e69851fd-d814-448c-ac8d-b6040c2b14d4,,8bdb2e44-5f99-4ca5-b11d-3624e802c3e7,2026-06-30 19:06:20.727
478,e727e59b-64fc-4e48-ae76-e25bd6cf13cf,,,2026-07-01 05:54:16.261
479,e7aad152-c40e-4c03-9352-b7fb52ca23be,28648711,,2026-06-30 20:48:38.963
480,e7b317bd-c750-48d7-8c59-4976a0b3c1df,30273044,c0640e23-f93a-473c-963e-e6fc1ea49684,2026-06-30 19:57:00.726
481,e858e0b4-99cc-4455-94b9-cfd3bbcab8e1,35421148,53d14ba7-98d4-4ca0-9415-b768d0e498f2,2026-06-30 15:10:41.164
482,e87fe0c4-0d29-41f5-abe0-61f3b58212e9,34086847,a9bedbc5-3bb0-4a4a-aeec-6306bf1943bb,2026-06-30 15:57:21.518
483,e90cd860-1f9d-4aa0-8329-ab35c79bb40e,34944710,0bb14684-3d0d-4916-a0d3-7d5316a68198,2026-06-30 15:16:20.413
484,e9195588-bd67-4617-a797-b8bfadf65ed6,27298086,30c361b8-a931-4232-9c9d-e549db578f57,2026-06-30 23:15:42.511
485,e94d7f37-1ab2-43a8-a119-8d9615b9378d,28634221,ade96c20-568a-4220-bfdb-14b2a0d3686f,2026-06-30 21:46:39.06
486,e96bfc4c-3fe9-49dd-8340-76c4daa47db4,22632575,539a18b9-235b-4607-afb8-d85d53fecf99,2026-07-01 06:04:42.95
487,e9a9e0e7-6436-4e93-92af-e0284e48dba8,28228144,da1f8264-4a0b-4872-8d09-8ea7458e7ce2,2026-06-30 22:38:19.645
488,e9d6b140-6bda-4fc4-bd69-aa0c8596575e,25415260,b7b83147-6528-46c1-894e-561c6192ab6e,2026-07-01 03:14:50.593
489,eacef0f1-953e-40bf-bf9c-77fecbacd34d,,,2026-06-30 14:31:38.775
490,eb01c8ce-e160-457c-a04f-8c48f62fe0b4,34506829,b2f82593-b465-4350-80a3-e57281d640a7,2026-07-01 06:51:15.798
491,eb15cb02-f13b-4abc-8930-fb8ecd5989fc,,,2026-07-01 01:35:46.671
492,ebed1328-c352-4336-92a6-f3bb7ba4bafc,32377674,3dff7da0-7016-4768-8a75-48bf3066b037,2026-06-30 18:02:24.259
493,ec13af4a-7720-4d64-92a0-5e530c10cf92,31107881,6dc4d563-1c7b-4a1f-b9ed-bdc9b94b2c16,2026-06-30 18:39:23.1
494,ec98f0b2-ba80-46b9-a2d3-6bede707a5ef,,6c2ec8c1-3e18-4dc7-bce8-9766d6ad9dda,2026-06-30 14:34:40.155
495,eca2c1b9-8361-4f97-b6ef-ae77e9d689bd,23483822,8944c2d5-f42c-41ec-bac3-7d88e205df9a,2026-07-01 05:31:11.987
496,ece0d669-f1d2-42f8-89da-2e536b16afee,24983206,d13b69ce-d1d9-4f70-89aa-f0cc4a855244,2026-07-01 03:08:41.612
497,ece104d9-cd7c-4683-b126-2edb9e9559fb,26311043,988b2b6f-8c72-496c-bdfe-1df5d28647fb,2026-07-01 00:41:27.991
498,ee15df39-eed3-4ba1-8406-cc16af534646,22454740,1dc46ad1-2c87-4c1a-b9ac-024fbc0ca383,2026-07-01 07:35:27.784
499,eedf210f-7564-45f0-bf90-10274c2c1525,26294105,997c5e45-0a96-41c0-93dd-a0dfc9e57a3b,2026-07-01 01:12:23.183
500,eefa91c7-af4b-43da-82a5-c6c565ed6531,21574942,fbe5914e-1348-48f9-ab4e-eb6281ae2079,2026-07-01 07:56:46.777
501,ef135efa-7e1e-451b-8da4-c1d7b224c0cc,21088234,3a36253f-40ed-446a-af49-7a5832510d7b,2026-07-01 08:08:17.809
502,f0218845-6993-493b-9ed2-e885dac8b77b,22186408,81ae2759-378e-4a72-906b-3a2c062e4ee7,2026-07-01 07:47:07.557
503,f0a242f9-8c33-4047-b1f6-60d82265f81b,29820385,ea06dc39-5de9-4f5d-95c9-5ed40ae3718b,2026-06-30 20:20:39.011
504,f0dfc76b-f16f-41b1-98b6-d235f3dc8241,27125931,,2026-06-30 23:21:10.223
505,f2a74431-e5fc-4864-969a-3560a6fe1eac,26544629,bd8988c8-2638-4350-a385-029bcf947ae4,2026-07-01 00:25:36.835
506,f2cc1c40-4a61-40de-8362-10b0a7df7e29,,e58609de-c35b-41cd-8557-b54f0f9126e1,2026-06-30 20:49:46.842
507,f3d76437-693c-484c-8b19-11a8f0d8e0ac,27059271,7e79575b-4e36-4796-baea-dc9137aed976,2026-06-30 23:57:09.035
508,f476f2ee-e2b5-4b01-b69b-518dc8ad2e87,,,2026-07-01 05:46:53.144
509,f5000ced-1ec3-43e1-9998-18837eae65c6,,37976b7b-34cc-45e4-8b03-c3f215447ac3,2026-06-30 16:08:59.544
510,f65c3172-e01e-4e7d-a192-6fe172e5739a,24226223,61d19396-267e-4ada-a300-d3eca2afd16b,2026-07-01 04:34:53.853
511,f6d9f8d9-eb63-4d8f-86cb-bb9ad7c73b32,31701215,84c7857d-b7a5-4945-8605-41ac892f7dd5,2026-06-30 18:13:47.427
512,f84f762b-e080-45f7-8778-cf3e830d84ce,19097893,90bb6e8d-d076-48d4-96d2-df93cc7e1d5e,2026-07-01 08:27:18.872
513,f8bbae93-ab86-43e8-8b73-848899322ffb,33847122,441bbc29-532c-4b83-a67d-7b51e30f9430,2026-06-30 16:29:15.794
514,f8d2b1f0-3be3-41a3-8fe3-141823a5bf47,26212631,a965d6c3-7fed-403c-baf9-4096d272f954,2026-07-01 01:29:39.502
515,f9669b72-0fe3-4a5e-aab9-67e602fd3cb2,29230402,9edfb2e1-44f3-46c3-bd3b-8342d0d916ba,2026-07-01 00:44:51.543
516,facc9878-aa00-4ed5-963f-6dbc089e39dd,22203256,b853ebc9-3f10-475d-9c92-6f6974a326e9,2026-07-01 07:23:26.705
517,fb1c2240-cf54-41d6-9e45-0dbc09ce3075,32173197,f57e9e60-d322-48f5-b54b-c343068f6e35,2026-06-30 18:03:18.383
518,fb46b285-6c8f-48c7-999c-6cd8656be355,25798243,8ec17c8c-12f7-46bb-a5b1-f872f8f26446,2026-07-01 01:28:08.689
519,fbbef26a-1e3f-41d4-84fa-72a26289e428,29969461,bc6306d3-fd71-4251-ab97-2bcb9b167fa8,2026-06-30 20:15:12.561
520,fcb0ea45-fbba-4dd6-9b01-7d453ab47e7b,24939886,1a31dd05-4beb-43f5-a63f-f535056040b0,2026-07-01 03:19:17.81
521,fe73d00a-5597-44cf-93f8-a2706a71a151,26791709,6159ccfb-9267-4bcf-9a75-1168ab0732c8,2026-07-01 00:33:46.079
522,ff17b6b8-7275-4e18-b146-900024b88677,22762460,,2026-07-01 07:36:40.735
523,ff46f62c-9439-4207-8fb6-c4eedb559073,30235217,9200d7f9-c09b-4f87-a349-d5bb0b9ea12f,2026-06-30 22:19:09.857
524,ff7aad9b-0c13-4bfe-a2c5-d77308720f71,29512528,,2026-06-30 21:25:12.052
